country,quarter,urate_gap,urate_gap_ratio,urate,urate_ceiling,urate_peak,urate_trough
australia,1978Q1,0.8195795752688166,1.1449494293542266,6.4738245,5.6542449247311835,0.0,0.0
australia,1978Q2,0.5759231290322573,1.1013172071841806,6.2602796666666665,5.684356537634409,0.0,0.0
australia,1978Q3,0.6078715161290322,1.1063741191858496,6.322339666666667,5.714468150537635,0.0,0.0
australia,1978Q4,0.555363903225806,1.0966761584128752,6.299943666666667,5.744579763440861,0.0,0.0
australia,1979Q1,0.5361239569892469,1.0928402787351492,6.310815333333333,5.774691376344086,0.0,0.0
australia,1979Q2,0.5131193440860207,1.0883956518483937,6.317922333333333,5.804802989247312,0.0,0.0
australia,1979Q3,0.3723923978494623,1.0638213964112195,6.207307,5.834914602150538,0.0,0.0
australia,1979Q4,0.31789278494623563,1.0542014260959824,6.182918999999999,5.8650262150537635,0.0,0.0
australia,1980Q1,0.13234383870967736,1.0224496597996493,6.027481666666667,5.895137827956989,0.0,0.0
australia,1980Q2,0.3027442258064523,1.0510939208261416,6.227993666666667,5.925249440860215,0.0,0.0
australia,1980Q3,0.1753169462365598,1.0294385083715067,6.1306780000000005,5.955361053763441,0.0,0.0
australia,1980Q4,0.0,1.0,5.985472666666666,5.985472666666666,1.0,0.0
australia,1981Q1,0.0,1.0,5.759458333333334,5.759458333333334,0.0,0.0
australia,1981Q2,0.0,1.0,5.506020666666667,5.506020666666667,0.0,0.0
australia,1981Q3,0.0,1.0,5.827400999999999,5.827400999999999,0.0,0.0
australia,1981Q4,0.0,1.0,5.964831,5.964831,0.0,0.0
australia,1982Q1,0.06818093548387072,1.0111115700802118,6.204211666666667,6.136030731182796,0.0,0.0
australia,1982Q2,0.39820698924731257,1.0645795972629848,6.564349333333333,6.166142344086021,0.0,0.0
australia,1982Q3,0.9102963763440872,1.146910759736904,7.106550333333334,6.1962539569892465,0.0,0.0
australia,1982Q4,2.565774763440861,1.4120822548305931,8.792140333333334,6.226365569892473,0.0,0.0
australia,1983Q1,3.379348150537634,1.5401359346167354,9.635825333333333,6.256477182795699,0.0,0.0
australia,1983Q2,3.9398312043010746,1.6267041367484663,10.22642,6.286588795698925,0.0,1.0
australia,1983Q3,4.0435695913978495,1.6401395237759373,10.36027,6.31670040860215,0.0,0.0
australia,1983Q4,3.3597833118279565,1.5293654988431598,9.706595333333333,6.346812021505376,0.0,0.0
australia,1984Q1,2.985961698924731,1.4682448575694211,9.362885333333333,6.376923634408602,0.0,0.0
australia,1984Q2,2.7272250860215044,1.4256610086803807,9.134260333333332,6.4070352473118275,0.0,0.0
australia,1984Q3,2.390797806451612,1.3714064411405615,8.827944666666665,6.437146860215053,0.0,0.0
australia,1984Q4,2.1641858602150545,1.3346372917072482,8.631444333333334,6.46725847311828,0.0,0.0
australia,1985Q1,2.0382475806451623,1.313703475969495,8.535617666666667,6.497370086021505,0.0,0.0
australia,1985Q2,1.9221113010752697,1.2944644488841537,8.449593,6.52748169892473,0.0,0.0
australia,1985Q3,1.6164950215053775,1.2465073609535529,8.174088333333334,6.557593311827956,0.0,0.0
australia,1985Q4,1.273612075268817,1.1933316822505962,7.861317,6.587704924731183,0.0,0.0
australia,1986Q1,1.293831462365591,1.195507302900857,7.911648,6.6178165376344085,0.0,0.0
australia,1986Q2,1.1520001827956996,1.1732870988839634,7.799928333333334,6.647928150537634,0.0,0.0
australia,1986Q3,1.5493725698924736,1.232010084512309,8.227412333333334,6.67803976344086,0.0,0.0
australia,1986Q4,1.6227646236559146,1.241909362597049,8.330916,6.708151376344086,0.0,0.0
australia,1987Q1,1.5388043440860217,1.228368104145177,8.277067333333333,6.738262989247311,0.0,0.0
australia,1987Q2,1.4013337311827954,1.2070413967243399,8.169708333333332,6.768374602150537,0.0,0.0
australia,1987Q3,1.178977118279569,1.1734175934149842,7.977463333333333,6.798486215053764,0.0,0.0
australia,1987Q4,1.0866041720430122,1.159125518798946,7.915202000000001,6.8285978279569886,0.0,0.0
australia,1988Q1,0.6575848924731185,1.0958758930004542,7.516294333333334,6.858709440860215,0.0,0.0
australia,1988Q2,0.7603409462365596,1.1103731596890845,7.6491620000000005,6.888821053763441,0.0,0.0
australia,1988Q3,0.0,1.0,6.918932666666667,6.918932666666667,1.0,0.0
australia,1988Q4,0.0,1.0,6.754485666666667,6.754485666666667,0.0,0.0
australia,1989Q1,0.0,1.0,6.595286000000001,6.595286000000001,0.0,0.0
australia,1989Q2,0.0,1.0,6.163300666666667,6.163300666666667,0.0,0.0
australia,1989Q3,0.0,1.0,6.005218333333333,6.005218333333333,0.0,0.0
australia,1989Q4,0.0,1.0,5.8530663333333335,5.8530663333333335,0.0,0.0
australia,1990Q1,0.0,1.0,6.229634333333333,6.229634333333333,0.0,0.0
australia,1990Q2,0.0,1.0,6.463501,6.463501,0.0,0.0
australia,1990Q3,0.06784909677419382,1.0094763616951095,7.227674666666666,7.159825569892472,0.0,0.0
australia,1990Q4,0.6778894838709686,1.0942830885216972,7.867826666666667,7.189937182795698,0.0,0.0
australia,1991Q1,1.5137388709677424,1.2096577064506124,8.733787666666666,7.220048795698924,0.0,0.0
australia,1991Q2,2.390110924731183,1.329663178471937,9.640271333333333,7.25016040860215,0.0,0.0
australia,1991Q3,2.552649645161292,1.3506255861897685,9.832921666666667,7.280272021505375,0.0,0.0
australia,1991Q4,2.9101683655913986,1.3980869556412585,10.220552,7.310383634408601,0.0,0.0
australia,1992Q1,3.0769947526881722,1.4191808112422664,10.417489999999999,7.340495247311827,0.0,0.0
australia,1992Q2,3.2626464731182816,1.442656423683285,10.633253333333334,7.3706068602150525,0.0,1.0
australia,1992Q3,3.4257548602150543,1.4628949030635967,10.826473333333333,7.400718473118278,0.0,0.0
australia,1992Q4,3.718686580645161,1.5004402654342162,11.149516666666665,7.430830086021504,0.0,0.0
australia,1993Q1,3.441534967741937,1.4612735371243997,10.902476666666667,7.46094169892473,0.0,0.0
australia,1993Q2,3.3570833548387116,1.4481457032935627,10.848136666666667,7.491053311827955,0.0,0.0
australia,1993Q3,3.3698850752688188,1.4480536072527705,10.89105,7.521164924731181,0.0,0.0
australia,1993Q4,3.337496795698926,1.4419778270687549,10.888773333333333,7.551276537634407,0.0,0.0
australia,1994Q1,2.858868516129034,1.377090377034224,10.440256666666667,7.581388150537633,0.0,0.0
australia,1994Q2,2.2713169032258085,1.2984059612187435,9.882816666666667,7.611499763440858,0.0,0.0
australia,1994Q3,1.8359752903225832,1.2402602278370447,9.477586666666667,7.641611376344084,0.0,0.0
australia,1994Q4,1.3858813440860223,1.1806479908135987,9.057604333333332,7.67172298924731,0.0,0.0
australia,1995Q1,1.0634837311827976,1.1380818708942215,8.765318333333333,7.7018346021505355,0.0,0.0
australia,1995Q2,0.6329711182795714,1.0818643974847115,8.364917333333333,7.731946215053761,0.0,0.0
australia,1995Q3,0.6084038387096786,1.0783817709420254,8.370461666666666,7.762057827956987,0.0,0.0
australia,1995Q4,0.5986578924731214,1.0768281409967688,8.390827333333334,7.792169440860213,0.0,0.0
australia,1996Q1,0.5777369462365627,1.073857860931576,8.400018000000001,7.822281053763438,0.0,0.0
australia,1996Q2,0.5633706666666685,1.0717450961231436,8.415763333333333,7.852392666666664,0.0,0.0
australia,1996Q3,0.7399900537634441,1.0938775327634611,8.622494333333334,7.88250427956989,0.0,0.0
australia,1996Q4,0.7078767741935517,1.0894617890989653,8.620492666666667,7.912615892473116,0.0,0.0
australia,1997Q1,0.6785698279569914,1.0854328475322457,8.621297333333333,7.942727505376341,0.0,0.0
australia,1997Q2,0.5096048817204339,1.0639176175713927,8.482444000000001,7.972839118279567,0.0,0.0
australia,1997Q3,0.3714482688172076,1.046413914229147,8.374399,8.002950731182793,0.0,0.0
australia,1997Q4,0.0,1.0,7.977097333333333,7.977097333333333,0.0,0.0
australia,1998Q1,0.0,1.0,7.8408739999999995,7.8408739999999995,0.0,0.0
australia,1998Q2,0.0,1.0,7.733797,7.733797,0.0,0.0
australia,1998Q3,0.0,1.0,7.788188000000001,7.788188000000001,0.0,0.0
australia,1998Q4,0.0,1.0,7.374731,7.374731,0.0,0.0
australia,1999Q1,0.0,1.0,7.082398333333334,7.082398333333334,0.0,0.0
australia,1999Q2,0.0,1.0,6.886069333333334,6.886069333333334,0.0,0.0
australia,1999Q3,0.0,1.0,6.874329333333333,6.874329333333333,0.0,0.0
australia,1999Q4,0.0,1.0,6.633894333333333,6.633894333333333,0.0,0.0
australia,2000Q1,0.0,1.0,6.650447666666667,6.650447666666667,0.0,0.0
australia,2000Q2,0.0,1.0,6.302025,6.302025,0.0,0.0
australia,2000Q3,0.0,1.0,5.989681999999999,5.989681999999999,0.0,0.0
australia,2000Q4,0.0,1.0,6.172054333333333,6.172054333333333,0.0,0.0
australia,2001Q1,0.0,1.0,6.366198999999999,6.366198999999999,0.0,0.0
australia,2001Q2,0.0,1.0,6.8694869999999995,6.8694869999999995,0.0,0.0
australia,2001Q3,0.0,1.0,6.867719999999999,6.867719999999999,0.0,0.0
australia,2001Q4,0.0,1.0,6.979422666666667,6.979422666666667,0.0,0.0
australia,2002Q1,0.0,1.0,6.627503666666667,6.627503666666667,0.0,0.0
australia,2002Q2,0.0,1.0,6.404675,6.404675,0.0,0.0
australia,2002Q3,0.0,1.0,6.280417,6.280417,0.0,0.0
australia,2002Q4,0.0,1.0,6.157759666666666,6.157759666666666,0.0,0.0
australia,2003Q1,0.0,1.0,6.056230666666667,6.056230666666667,0.0,0.0
australia,2003Q2,0.0,1.0,6.051158666666667,6.051158666666667,0.0,0.0
australia,2003Q3,0.0,1.0,5.907139333333333,5.907139333333333,0.0,0.0
australia,2003Q4,0.0,1.0,5.708892,5.708892,0.0,0.0
australia,2004Q1,0.0,1.0,5.537328,5.537328,0.0,0.0
australia,2004Q2,0.0,1.0,5.435766999999999,5.435766999999999,0.0,0.0
australia,2004Q3,0.0,1.0,5.479468333333333,5.479468333333333,0.0,0.0
australia,2004Q4,0.0,1.0,5.117505666666666,5.117505666666666,0.0,0.0
australia,2005Q1,0.0,1.0,5.106738666666666,5.106738666666666,0.0,0.0
australia,2005Q2,0.0,1.0,5.057151999999999,5.057151999999999,0.0,0.0
australia,2005Q3,0.0,1.0,4.958558,4.958558,0.0,0.0
australia,2005Q4,0.0,1.0,5.007901,5.007901,0.0,0.0
australia,2006Q1,0.0,1.0,5.044217333333333,5.044217333333333,0.0,0.0
australia,2006Q2,0.0,1.0,4.857332666666667,4.857332666666667,0.0,0.0
australia,2006Q3,0.0,1.0,4.678323333333333,4.678323333333333,0.0,0.0
australia,2006Q4,0.0,1.0,4.515433666666667,4.515433666666667,0.0,0.0
australia,2007Q1,0.0,1.0,4.549203333333334,4.549203333333334,0.0,0.0
australia,2007Q2,0.0,1.0,4.3249086666666665,4.3249086666666665,0.0,0.0
australia,2007Q3,0.0,1.0,4.255186666666667,4.255186666666667,0.0,0.0
australia,2007Q4,0.0,1.0,4.353772333333333,4.353772333333333,0.0,0.0
australia,2008Q1,0.0,1.0,4.086193333333333,4.086193333333333,0.0,0.0
australia,2008Q2,0.0,1.0,4.258530333333333,4.258530333333333,0.0,0.0
australia,2008Q3,0.0,1.0,4.184951000000001,4.184951000000001,0.0,0.0
australia,2008Q4,0.0,1.0,4.440984666666666,4.440984666666666,0.0,0.0
australia,2009Q1,0.0,1.0,5.307328666666667,5.307328666666667,0.0,0.0
australia,2009Q2,0.0,1.0,5.728991000000001,5.728991000000001,0.0,0.0
australia,2009Q3,0.0,1.0,5.683147666666667,5.683147666666667,0.0,0.0
australia,2009Q4,0.0,1.0,5.5577803333333335,5.5577803333333335,0.0,0.0
australia,2010Q1,0.0,1.0,5.328974,5.328974,0.0,0.0
australia,2010Q2,0.0,1.0,5.290888333333333,5.290888333333333,0.0,0.0
australia,2010Q3,0.0,1.0,5.124853333333333,5.124853333333333,0.0,0.0
australia,2010Q4,0.0,1.0,5.090265,5.090265,0.0,0.0
australia,2011Q1,0.0,1.0,4.967244,4.967244,0.0,0.0
australia,2011Q2,0.0,1.0,4.963154333333333,4.963154333333333,0.0,0.0
australia,2011Q3,0.0,1.0,5.194836,5.194836,0.0,0.0
australia,2011Q4,0.0,1.0,5.205228666666667,5.205228666666667,0.0,0.0
australia,2012Q1,0.0,1.0,5.140933666666666,5.140933666666666,0.0,0.0
australia,2012Q2,0.0,1.0,5.119169666666667,5.119169666666667,0.0,0.0
australia,2012Q3,0.0,1.0,5.2758606666666665,5.2758606666666665,0.0,0.0
australia,2012Q4,0.0,1.0,5.366562666666667,5.366562666666667,0.0,0.0
australia,2013Q1,0.0,1.0,5.4747623333333335,5.4747623333333335,0.0,0.0
australia,2013Q2,0.0,1.0,5.63113,5.63113,0.0,0.0
australia,2013Q3,0.0,1.0,5.728552333333333,5.728552333333333,0.0,0.0
australia,2013Q4,0.0,1.0,5.840136666666666,5.840136666666666,0.0,0.0
australia,2014Q1,0.0,1.0,5.899421,5.899421,0.0,0.0
australia,2014Q2,0.0,1.0,5.927459,5.927459,0.0,0.0
australia,2014Q3,0.0,1.0,6.169792,6.169792,0.0,0.0
australia,2014Q4,0.0,1.0,6.253548666666667,6.253548666666667,0.0,0.0
australia,2015Q1,0.0,1.0,6.202620666666667,6.202620666666667,0.0,0.0
australia,2015Q2,0.0,1.0,6.016774000000001,6.016774000000001,0.0,0.0
australia,2015Q3,0.0,1.0,6.178751666666667,6.178751666666667,0.0,0.0
australia,2015Q4,0.0,1.0,5.834896333333333,5.834896333333333,0.0,0.0
australia,2016Q1,0.0,1.0,5.796122333333334,5.796122333333334,0.0,0.0
australia,2016Q2,0.0,1.0,5.686969,5.686969,0.0,0.0
australia,2016Q3,0.0,1.0,5.657978,5.657978,0.0,0.0
australia,2016Q4,0.0,1.0,5.734012,5.734012,0.0,0.0
australia,2017Q1,0.0,1.0,5.807259666666667,5.807259666666667,0.0,0.0
australia,2017Q2,0.0,1.0,5.592282333333333,5.592282333333333,0.0,0.0
australia,2017Q3,0.0,1.0,5.533346666666667,5.533346666666667,0.0,0.0
australia,2017Q4,0.0,1.0,5.492290666666666,5.492290666666666,0.0,0.0
australia,2018Q1,0.0,1.0,5.544815333333333,5.544815333333333,0.0,0.0
australia,2018Q2,0.0,1.0,5.439739333333333,5.439739333333333,0.0,0.0
australia,2018Q3,0.0,1.0,5.186675666666667,5.186675666666667,0.0,0.0
australia,2018Q4,0.0,1.0,5.043828666666666,5.043828666666666,0.0,0.0
australia,2019Q1,0.0,1.0,5.042955333333334,5.042955333333334,0.0,0.0
australia,2019Q2,0.0,1.0,5.223313999999999,5.223313999999999,0.0,0.0
australia,2019Q3,0.0,1.0,5.2552243333333335,5.2552243333333335,0.0,0.0
australia,2019Q4,0.0,1.0,5.172597,5.172597,0.0,0.0
australia,2020Q1,0.0,1.0,5.185858666666667,5.185858666666667,0.0,0.0
australia,2020Q2,0.0,1.0,6.901731666666667,6.901731666666667,0.0,0.0
australia,2020Q3,0.0,1.0,7.055041,7.055041,0.0,0.0
australia,2020Q4,0.0,1.0,6.775114666666667,6.775114666666667,0.0,0.0
australia,2021Q1,0.0,1.0,5.931300333333333,5.931300333333333,0.0,0.0
australia,2021Q2,0.0,1.0,5.195976666666667,5.195976666666667,0.0,0.0
australia,2021Q3,0.0,1.0,4.669870333333333,4.669870333333333,0.0,0.0
australia,2021Q4,0.0,1.0,4.6948186666666665,4.6948186666666665,0.0,0.0
australia,2022Q1,0.0,1.0,4.059376333333334,4.059376333333334,0.0,0.0
australia,2022Q2,0.0,1.0,3.795143,3.795143,0.0,0.0
australia,2022Q3,0.0,1.0,3.528032666666667,3.528032666666667,0.0,0.0
australia,2022Q4,0.0,1.0,3.494111333333333,3.494111333333333,0.0,0.0
australia,2023Q1,0.0,1.0,3.621402,3.621402,0.0,0.0
australia,2023Q2,0.0,1.0,3.5983796666666663,3.5983796666666663,0.0,0.0
australia,2023Q3,0.0,1.0,3.655444333333333,3.655444333333333,0.0,0.0
australia,2023Q4,0.0,1.0,3.9003033333333335,3.9003033333333335,0.0,0.0
australia,2024Q1,0.0,1.0,3.9094723333333334,3.9094723333333334,0.0,0.0
australia,2024Q2,0.0,1.0,4.032586,4.032586,0.0,0.0
australia,2024Q3,0.0,1.0,4.1186126666666665,4.1186126666666665,0.0,0.0
australia,2024Q4,0.0,1.0,4.009803,4.009803,0.0,0.0
australia,2025Q1,0.0,1.0,4.092232333333333,4.092232333333333,0.0,0.0
australia,2025Q2,0.0,1.0,4.149667,4.149667,0.0,0.0
australia,2025Q3,0.0,1.0,4.317437000000001,4.317437000000001,0.0,0.0
australia,2025Q4,0.0,1.0,4.258355333333333,4.258355333333333,0.0,0.0
australia,2026Q1,0.0,1.0,4.220892,4.220892,0.0,0.0
australia,2026Q2,0.0,1.0,4.4186440000000005,4.4186440000000005,0.0,0.0
chile,1986Q1,5.73349805882353,1.7092777921129116,13.817070000000001,8.083571941176471,0.0,0.0
chile,1986Q2,3.942095446078431,1.4884555103413755,12.012626666666668,8.070531220588236,0.0,0.0
chile,1986Q3,3.238992833333331,1.401985312093552,11.296483333333333,8.057490500000002,0.0,0.0
chile,1986Q4,3.213163553921566,1.3994261437426143,11.257613333333333,8.044449779411767,0.0,0.0
chile,1987Q1,3.0494309411764675,1.379688161671491,11.08084,8.031409058823533,0.0,0.0
chile,1987Q2,3.3561316617647012,1.4185554367415512,11.3745,8.018368338235298,0.0,0.0
chile,1987Q3,2.93565571568627,1.3667127512951334,10.940983333333334,8.005327617647064,0.0,0.0
chile,1987Q4,2.280563102941172,1.285345500269819,10.27285,7.992286897058828,0.0,0.0
chile,1988Q1,2.5901704901960745,1.3246134325112109,10.569416666666667,7.979246176470593,0.0,0.0
chile,1988Q2,2.232947877450976,1.2803025718853556,10.199153333333333,7.966205455882357,0.0,0.0
chile,1988Q3,1.614859598039212,1.2030461648647708,9.568024333333334,7.953164735294122,0.0,0.0
chile,1988Q4,0.6664063186274474,1.0839289559449194,8.606530333333334,7.940124014705886,0.0,0.0
chile,1989Q1,0.2924330392156822,1.0368903704383534,8.219516333333333,7.927083294117651,0.0,0.0
chile,1989Q2,0.2335027598039181,1.0295048652612673,8.147545333333333,7.914042573529415,0.0,0.0
chile,1989Q3,0.0,1.0,7.679003333333333,7.679003333333333,0.0,0.0
chile,1989Q4,0.0,1.0,7.5940743333333325,7.5940743333333325,0.0,0.0
chile,1990Q1,0.0,1.0,7.45703,7.45703,0.0,0.0
chile,1990Q2,0.0,1.0,7.857451999999999,7.857451999999999,0.0,0.0
chile,1990Q3,0.0,1.0,7.805204666666666,7.805204666666666,0.0,0.0
chile,1990Q4,0.214600749999998,1.027387222482406,8.050399,7.8357982500000025,0.0,0.0
chile,1991Q1,0.3303151372548996,1.042224897807837,8.153072666666667,7.822757529411767,0.0,0.0
chile,1991Q2,0.38965352450980273,1.049893425593815,8.199370333333334,7.809716808823532,0.0,0.0
chile,1991Q3,0.7381255784313705,1.0946718281070003,8.534801666666667,7.796676088235296,0.0,0.0
chile,1991Q4,0.0,1.0,7.742975,7.742975,0.0,0.0
chile,1992Q1,0.0,1.0,6.954557666666666,6.954557666666666,0.0,0.0
chile,1992Q2,0.0,1.0,6.377770666666667,6.377770666666667,0.0,0.0
chile,1992Q3,0.0,1.0,6.554245333333333,6.554245333333333,0.0,0.0
chile,1992Q4,0.0,1.0,6.668187,6.668187,0.0,0.0
chile,1993Q1,0.0,1.0,6.553598333333333,6.553598333333333,0.0,0.0
chile,1993Q2,0.0,1.0,6.297700666666667,6.297700666666667,0.0,0.0
chile,1993Q3,0.0,1.0,6.449082,6.449082,0.0,0.0
chile,1993Q4,0.0,1.0,6.879971666666667,6.879971666666667,0.0,0.0
chile,1994Q1,0.0,1.0,7.448502666666666,7.448502666666666,0.0,0.0
chile,1994Q2,0.0,1.0,7.651409,7.651409,0.0,0.0
chile,1994Q3,0.30646322549019533,1.0401120035142757,7.946650666666666,7.6401874411764705,0.0,0.0
chile,1994Q4,0.7092872794117637,1.092995100972315,8.336433999999999,7.627146720588235,0.0,0.0
chile,1995Q1,0.0,1.0,7.614106,7.614106,1.0,0.0
chile,1995Q2,0.0,1.0,7.420428333333334,7.420428333333334,0.0,0.0
chile,1995Q3,0.0,1.0,7.076308333333333,7.076308333333333,0.0,0.0
chile,1995Q4,0.0,1.0,7.180330666666666,7.180330666666666,0.0,0.0
chile,1996Q1,0.0,1.0,6.889107666666667,6.889107666666667,0.0,0.0
chile,1996Q2,0.0,1.0,6.357802333333333,6.357802333333333,0.0,0.0
chile,1996Q3,0.0,1.0,6.234989666666666,6.234989666666666,0.0,0.0
chile,1996Q4,0.0,1.0,5.923547666666667,5.923547666666667,0.0,0.0
chile,1997Q1,0.0,1.0,6.072479,6.072479,0.0,0.0
chile,1997Q2,0.0,1.0,6.288086,6.288086,0.0,0.0
chile,1997Q3,0.0,1.0,6.181228666666667,6.181228666666667,0.0,0.0
chile,1997Q4,0.0,1.0,5.866562333333333,5.866562333333333,0.0,0.0
chile,1998Q1,0.0,1.0,5.523456666666667,5.523456666666667,0.0,0.0
chile,1998Q2,0.0,1.0,5.813583,5.813583,0.0,0.0
chile,1998Q3,0.0,1.0,6.434079333333334,6.434079333333334,0.0,0.0
chile,1998Q4,0.45688147549019664,1.0615868129204438,7.875376666666667,7.41849519117647,0.0,0.0
chile,1999Q1,1.4290091960784315,1.1929671165698115,8.834463666666666,7.405454470588235,0.0,0.0
chile,1999Q2,3.0812929166666674,1.4168182437930599,10.473706666666667,7.392413749999999,0.0,1.0
chile,1999Q3,3.581796970588238,1.4853795784970307,10.961170000000001,7.379373029411763,0.0,0.0
chile,1999Q4,2.7568236911764705,1.3742464466169,10.123156,7.366332308823529,0.0,0.0
chile,2000Q1,1.7887007450980397,1.2432517089298927,9.141992333333333,7.353291588235293,0.0,0.0
chile,2000Q2,2.195859465686275,1.2991531904399563,9.536110333333333,7.340250867647058,0.0,0.0
chile,2000Q3,2.9804931862745114,1.406770534276391,10.307703333333334,7.327210147058823,0.0,0.0
chile,2000Q4,2.597556240196079,1.355140288491993,9.911725666666667,7.314169426470588,0.0,0.0
chile,2001Q1,2.6268482941176483,1.359786602857892,9.927977,7.301128705882352,0.0,0.0
chile,2001Q2,2.6566480147058815,1.3645192017531151,9.944735999999999,7.288087985294117,0.0,0.0
chile,2001Q3,2.642162068627452,1.363181429960685,9.917209333333334,7.275047264705882,0.0,0.0
chile,2001Q4,2.36457312254902,1.3256087843193098,9.626579666666666,7.2620065441176465,0.0,0.0
chile,2002Q1,2.6825515098039228,1.3700598920050957,9.931517333333334,7.248965823529411,0.0,0.0
chile,2002Q2,2.480762897058824,1.3428397698658423,9.716688,7.2359251029411755,0.0,0.0
chile,2002Q3,2.663822284313726,1.3688031184359002,9.886706666666667,7.222884382352941,0.0,0.0
chile,2002Q4,2.398175338235295,1.3326251512155964,9.608019,7.2098436617647055,0.0,0.0
chile,2003Q1,2.435055725490196,1.3383524247354388,9.631858666666666,7.19680294117647,0.0,0.0
chile,2003Q2,2.368997446078432,1.329771138483541,9.552759666666667,7.1837622205882345,0.0,0.0
chile,2003Q3,2.466272166666668,1.3439364039820356,9.636993666666667,7.170721499999999,0.0,0.0
chile,2003Q4,2.120494887254903,1.2962544646241083,9.278175666666668,7.1576807794117645,0.0,0.0
chile,2004Q1,2.4432326078431386,1.341967207266905,9.587872666666668,7.144640058823529,0.0,0.0
chile,2004Q2,3.2645773284313737,1.4577623017783259,10.396176666666667,7.131599338235294,0.0,0.0
chile,2004Q3,3.301278049019608,1.46375653082854,10.419836666666667,7.118558617647059,0.0,0.0
chile,2004Q4,2.6227771029411784,1.3691183585684614,9.728295000000001,7.105517897058823,0.0,0.0
chile,2005Q1,2.3613371568627457,1.3329354607860455,9.453814333333334,7.092477176470588,0.0,0.0
chile,2005Q2,2.4008908774509807,1.3391358750675788,9.480327333333333,7.079436455882353,0.0,0.0
chile,2005Q3,2.1909055980392154,1.3100456979923196,9.257301333333332,7.066395735294117,0.0,0.0
chile,2005Q4,1.6697239852941195,1.2367276256211166,8.723079,7.053355014705881,0.0,0.0
chile,2006Q1,1.51167237254902,1.2147166034635781,8.551986666666666,7.040314294117646,0.0,0.0
chile,2006Q2,1.4277424264705898,1.203171601550943,8.455016,7.027273573529411,0.0,0.0
chile,2006Q3,0.5338694803921573,1.0761123121494744,7.5481023333333335,7.014232852941176,0.0,0.0
chile,2006Q4,0.0,1.0,6.6888716666666665,6.6888716666666665,0.0,0.0
chile,2007Q1,0.0,1.0,6.854768666666668,6.854768666666668,0.0,0.0
chile,2007Q2,0.0,1.0,6.563266333333334,6.563266333333334,0.0,0.0
chile,2007Q3,0.3540440294117655,1.0508532707811686,7.316114,6.962069970588234,0.0,0.0
chile,2007Q4,0.7780337500000005,1.1119629407229794,7.727063,6.94902925,0.0,0.0
chile,2008Q1,0.7701658039215689,1.1110390826997065,7.706154333333333,6.935988529411764,0.0,0.0
chile,2008Q2,0.9426225245098045,1.1361591262190942,7.865570333333333,6.922947808823529,0.0,0.0
chile,2008Q3,0.5839115784313735,1.0845035354274926,7.493818666666667,6.909907088235293,0.0,0.0
chile,2008Q4,1.2745439656862736,1.1848004438167907,8.171410333333332,6.896866367647059,0.0,0.0
chile,2009Q1,2.5366116862745116,1.3684886596972865,9.420437333333334,6.883825647058822,0.0,0.0
chile,2009Q2,3.271747740196078,1.4761825286644101,10.142532666666666,6.870784926470588,0.0,0.0
chile,2009Q3,2.9774441274509806,1.4341725264259675,9.835188333333333,6.857744205882352,0.0,0.0
chile,2009Q4,2.519803848039217,1.3681392266959451,9.364507333333334,6.844703485294117,0.0,0.0
chile,2010Q1,2.183312901960785,1.319587335786002,9.014975666666666,6.831662764705881,0.0,0.0
chile,2010Q2,1.7581966225490193,1.2578521893680552,8.576818666666666,6.818622044117647,0.0,0.0
chile,2010Q3,1.1804220098039222,1.1734491079730054,7.986003333333334,6.805581323529411,0.0,0.0
chile,2010Q4,0.74575106372549,1.1097897101126755,7.538291666666666,6.792540602941176,0.0,0.0
chile,2011Q1,0.6596524509803929,1.0973010491079838,7.439152333333333,6.77949988235294,0.0,0.0
chile,2011Q2,0.4549201715686291,1.067231643713931,7.221379333333334,6.766459161764705,0.0,0.0
chile,2011Q3,0.6538428921568631,1.096816582276362,7.4072613333333335,6.75341844117647,0.0,0.0
chile,2011Q4,0.49659327941176556,1.0736743992691893,7.236971,6.740377720588234,0.0,0.0
chile,2012Q1,0.0,1.0,6.7273369999999995,6.7273369999999995,1.0,0.0
chile,2012Q2,0.0,1.0,6.647667666666667,6.647667666666667,0.0,0.0
chile,2012Q3,0.0,1.0,6.494651666666667,6.494651666666667,0.0,0.0
chile,2012Q4,0.0,1.0,6.452452999999999,6.452452999999999,0.0,0.0
chile,2013Q1,0.0,1.0,6.484326,6.484326,0.0,0.0
chile,2013Q2,0.0,1.0,6.070187,6.070187,0.0,0.0
chile,2013Q3,0.0,1.0,5.778383333333333,5.778383333333333,0.0,0.0
chile,2013Q4,0.0,1.0,6.181417,6.181417,0.0,0.0
chile,2014Q1,0.0,1.0,6.333634666666666,6.333634666666666,0.0,0.0
chile,2014Q2,0.0,1.0,6.279368000000001,6.279368000000001,0.0,0.0
chile,2014Q3,0.0,1.0,6.585831,6.585831,0.0,0.0
chile,2014Q4,0.0,1.0,6.492724333333332,6.492724333333332,0.0,0.0
chile,2015Q1,0.0,1.0,6.333488666666667,6.333488666666667,0.0,0.0
chile,2015Q2,0.0,1.0,6.461689,6.461689,0.0,0.0
chile,2015Q3,0.0,1.0,6.392878333333333,6.392878333333333,0.0,0.0
chile,2015Q4,0.0,1.0,6.281098,6.281098,0.0,0.0
chile,2016Q1,0.0,1.0,6.446508333333334,6.446508333333334,0.0,0.0
chile,2016Q2,0.32262291666666965,1.0495912287043756,6.828267666666666,6.5056447499999965,0.0,0.0
chile,2016Q3,0.3211133039215719,1.0494583224953986,6.813717333333333,6.492604029411761,0.0,0.0
chile,2016Q4,0.17577035784314088,1.0271268833200204,6.6553336666666665,6.479563308823526,0.0,0.0
chile,2017Q1,0.5426530784313766,1.0839172941912611,7.009175666666667,6.46652258823529,0.0,0.0
chile,2017Q2,0.552759465686278,1.0856529044355732,7.006241333333333,6.453481867647055,0.0,0.0
chile,2017Q3,0.4355918529411804,1.067633853488453,6.876033,6.440441147058819,0.0,0.0
chile,2017Q4,0.5898959068627496,1.0917783034698327,7.017296333333333,6.427400426470584,0.0,0.0
chile,2018Q1,0.7145386274509846,1.1113967192696896,7.128898333333333,6.414359705882348,0.0,0.0
chile,2018Q2,0.9121230147058865,1.1424898551066314,7.313441999999999,6.401318985294113,0.0,0.0
chile,2018Q3,1.065116735294123,1.1667298591513628,7.453395,6.388278264705877,0.0,0.0
chile,2018Q4,1.1803221225490255,1.1851416695269803,7.555559666666667,6.375237544117642,0.0,0.0
chile,2019Q1,0.7258685098039264,1.1140908604272406,7.088065333333333,6.362196823529406,0.0,0.0
chile,2019Q2,0.7728782303921635,1.1217292846263673,7.1220343333333345,6.349156102941171,0.0,0.0
chile,2019Q3,0.9491279509803983,1.149796506803501,7.285243333333334,6.3361153823529355,0.0,0.0
chile,2019Q4,1.1607626715686337,1.1835756706444895,7.483837333333334,6.3230746617647,0.0,0.0
chile,2020Q1,1.960420725490203,1.3106830714011493,8.270454666666668,6.3100339411764645,0.0,0.0
chile,2020Q2,5.574600112745102,1.8852796751501593,11.871593333333331,6.296993220588229,0.0,1.0
chile,2020Q3,5.807040833333338,1.9241064176302007,12.090993333333332,6.283952499999994,0.0,0.0
chile,2020Q4,4.6253282205882424,1.737584642120754,10.89624,6.270911779411758,0.0,0.0
chile,2021Q1,3.960628941176478,1.6329035711900837,10.2185,6.257871058823523,0.0,0.0
chile,2021Q2,3.06757732843138,1.4912186820592215,9.312407666666667,6.244830338235287,0.0,0.0
chile,2021Q3,1.9891560490196154,1.3191949939046024,8.220945666666667,6.231789617647052,0.0,0.0
chile,2021Q4,1.44115876960785,1.2317441648575733,7.659907666666666,6.218748897058816,0.0,0.0
chile,2022Q1,1.392158823529419,1.2243352062231827,7.597867,6.205708176470581,0.0,0.0
chile,2022Q2,1.5233938774509879,1.2459996258969037,7.716061333333333,6.192667455882345,0.0,0.0
chile,2022Q3,1.6905479313725573,1.27356796838832,7.870174666666667,6.17962673529411,0.0,0.0
chile,2022Q4,2.1288919852941266,1.3452302425065044,8.295478000000001,6.166586014705874,0.0,0.0
chile,2023Q1,2.364783372549028,1.3842960861618419,8.518328666666667,6.153545294117639,0.0,0.0
chile,2023Q2,2.338747093137263,1.3808721360161795,8.479251666666666,6.1405045735294035,0.0,0.0
chile,2023Q3,2.6801011470588323,1.4373915883277533,8.807565,6.127463852941168,0.0,0.0
chile,2023Q4,2.7871048676470664,1.4558246636383083,8.901527999999999,6.1144231323529326,0.0,0.0
chile,2024Q1,2.3860872549019705,1.3910732181449752,8.487469666666668,6.101382411764697,0.0,0.0
chile,2024Q2,2.2237696421568707,1.3652504663757081,8.312111333333332,6.088341691176462,0.0,0.0
chile,2024Q3,2.5396640294117736,1.4180309817911583,8.614965,6.075300970588226,0.0,0.0
chile,2024Q4,2.3849204166666755,1.3934044924360809,8.447180666666666,6.062260249999991,0.0,0.0
chile,2025Q1,2.5334491372549115,1.4188059509060786,8.582668666666667,6.049219529411755,0.0,0.0
chile,2025Q2,2.65352419117648,1.4396033111705755,8.689703,6.03617880882352,0.0,0.0
chile,2025Q3,2.361120911764716,1.3920084310164802,8.384259,6.023138088235284,0.0,0.0
chile,2025Q4,2.581621965686283,1.4295474445361585,8.591719333333332,6.010097367647049,0.0,0.0
chile,2026Q1,2.7314983529411867,1.455473161868634,8.728555,5.997056647058813,0.0,0.0
chile,2026Q2,3.247672073529422,1.5427245036503314,9.231688,5.984015926470578,0.0,0.0
france,1983Q1,0.0,1.0,6.833333333333333,6.833333333333333,0.0,0.0
france,1983Q2,0.0,1.0,7.2,7.2,1.0,0.0
france,1983Q3,0.3487470938618529,1.0480947359547534,7.6000000000000005,7.251252906138148,0.0,0.0
france,1983Q4,0.5983636481785632,1.0819492534751196,7.8999999999999995,7.301636351821436,0.0,0.0
france,1984Q1,0.7821829962834688,1.106402802339827,8.133333333333333,7.351150337049864,0.0,0.0
france,1984Q2,0.9668718048432332,1.1306619741354533,8.366666666666667,7.399794861823434,0.0,0.0
france,1984Q3,1.1190967405245233,1.1502633411465286,8.566666666666666,7.447569926142143,0.0,0.0
france,1984Q4,1.2721911366606742,1.1697505224437843,8.766666666666667,7.494475530005993,0.0,0.0
france,1985Q1,1.1594883265850147,1.1537678577798554,8.7,7.540511673414985,0.0,0.0
france,1985Q2,1.1143216436308832,1.1468980875909762,8.7,7.585678356369116,0.0,0.0
france,1985Q3,1.0700244211316123,1.1402395604115825,8.7,7.629975578868387,0.0,0.0
france,1985Q4,1.0265966590872013,1.1337863544346258,8.7,7.673403340912798,0.0,0.0
france,1986Q1,0.8840383574976478,1.1145726739526594,8.6,7.715961642502352,0.0,0.0
france,1986Q2,1.0090161830296225,1.130067239450644,8.766666666666667,7.757650483637045,0.0,0.0
france,1986Q3,1.1348634690164543,1.145523864137656,8.933333333333334,7.798469864316879,0.0,1.0
france,1986Q4,1.3615802154581456,1.1737059576910283,9.2,7.838419784541854,0.0,0.0
france,1987Q1,1.3891664223547,1.176346097019516,9.266666666666667,7.8775002443119675,0.0,0.0
france,1987Q2,1.250955423039442,1.1580344942530034,9.166666666666666,7.915711243627224,0.0,0.0
france,1987Q3,1.1469472175123787,1.144214712121353,9.1,7.953052782487621,0.0,0.0
france,1987Q4,1.0771418057735112,1.1348192570306486,9.066666666666666,7.989524860893155,0.0,0.0
france,1988Q1,0.874872521156167,1.1090166509457378,8.9,8.025127478843833,0.0,0.0
france,1988Q2,0.7734726969936823,1.0959660137926344,8.833333333333334,8.059860636339652,0.0,0.0
france,1988Q3,0.7062756666193906,1.087262135146675,8.8,8.09372433338061,0.0,0.0
france,1988Q4,0.7066147633666251,1.0869495796222115,8.833333333333334,8.126718569966709,0.0,0.0
france,1989Q1,0.5744899872353848,1.0704131655512348,8.733333333333333,8.158843346097948,0.0,0.0
france,1989Q2,0.5099013382256725,1.0622582656550326,8.7,8.190098661774327,0.0,0.0
france,1989Q3,0.47951548300415325,1.0583317786211695,8.7,8.220484516995846,0.0,0.0
france,1989Q4,0.4166657549041588,1.0505049344067459,8.666666666666666,8.250000911762507,0.0,0.0
france,1990Q1,0.25468548725902274,1.0307641407140893,8.533333333333333,8.27864784607431,0.0,0.0
france,1990Q2,0.12690801340208324,1.0152782946350662,8.433333333333334,8.30642531993125,0.0,0.0
france,1990Q3,0.0,1.0,8.333333333333334,8.333333333333334,1.0,0.0
france,1990Q4,0.0,1.0,8.3,8.3,0.0,0.0
france,1991Q1,0.0,1.0,8.3,8.3,0.0,0.0
france,1991Q2,0.05782605585624445,1.0068768167376014,8.466666666666667,8.408840610810422,0.0,0.0
france,1991Q3,0.2677292176069326,1.0317505479266584,8.700000000000001,8.432270782393068,0.0,0.0
france,1991Q4,0.5451685064791469,1.0644801149374679,9.0,8.454831493520853,0.0,0.0
france,1992Q1,0.7234772558062215,1.0853507125078838,9.200000000000001,8.47652274419378,0.0,0.0
france,1992Q2,0.8693221322548226,1.102305152949173,9.366666666666667,8.497344534411845,0.0,0.0
france,1992Q3,0.9827031358249485,1.1153773493510994,9.5,8.517296864175051,0.0,0.0
france,1992Q4,1.1636202665166024,1.136313086208241,9.700000000000001,8.536379733483399,0.0,0.0
france,1993Q1,1.3120735243297812,1.1533764964035866,9.866666666666667,8.554593142336886,0.0,0.0
france,1993Q2,1.5613962425978194,1.1821520883868086,10.133333333333333,8.571937090735513,0.0,0.0
france,1993Q3,1.8115884213207174,1.2109340481327167,10.4,8.588411578679283,0.0,0.0
france,1993Q4,2.0626500604984734,1.2397310645611452,10.666666666666666,8.604016606168193,0.0,0.0
france,1994Q1,2.18124782679776,1.253081627475005,10.800000000000002,8.618752173202243,0.0,0.0
france,1994Q2,2.134048386885233,1.2472075467397203,10.766666666666666,8.632618279781433,0.0,0.0
france,1994Q3,1.9877184074275682,1.2299105875594296,10.633333333333333,8.645614925905765,0.0,0.0
france,1994Q4,1.8089245550914317,1.208937218477891,10.466666666666667,8.657742111575235,0.0,0.0
france,1995Q1,1.6643334965434864,1.1919867952333234,10.333333333333334,8.668999836789848,0.0,0.0
france,1995Q2,1.7539452317837352,1.2020816688068816,10.433333333333334,8.679388101549598,0.0,0.0
france,1995Q3,1.8777597608121734,1.2161100102875955,10.566666666666666,8.688906905854493,0.0,0.0
france,1995Q4,2.0024437502954715,1.2302306179811713,10.699999999999998,8.697556249704526,0.0,0.0
france,1996Q1,1.9946638669002983,1.2291311715484627,10.699999999999998,8.7053361330997,0.0,0.0
france,1996Q2,2.187890548008866,1.2511321236338264,10.9,8.712109451991134,0.0,1.0
france,1996Q3,2.1829464179144455,1.2504225077152933,10.9,8.717053582085555,0.0,0.0
france,1996Q4,2.113301913999255,1.2423502637058894,10.833333333333334,8.720031419334079,0.0,0.0
france,1997Q1,2.1789570362632915,1.2498505104634496,10.9,8.721042963736709,0.0,0.0
france,1997Q2,2.213245118039886,1.2538099458854393,10.933333333333332,8.720088215293446,0.0,0.0
france,1997Q3,2.1828328259957157,1.250406213672855,10.9,8.717167174004285,0.0,0.0
france,1997Q4,2.1210534934641014,1.2434556203942984,10.833333333333334,8.712279839869232,0.0,0.0
france,1998Q1,2.0279071204450503,1.2329474825072617,10.733333333333334,8.705426212888284,0.0,0.0
france,1998Q2,2.0033937069385583,1.23036499979733,10.699999999999998,8.69660629306144,0.0,0.0
france,1998Q3,1.947513252944633,1.224217544793707,10.633333333333333,8.6858200803887,0.0,0.0
france,1998Q4,2.0269324251299334,1.2337042122216257,10.699999999999998,8.673067574870064,0.0,0.0
france,1999Q1,2.074984556827797,1.2396513019270228,10.733333333333334,8.658348776505537,0.0,0.0
france,1999Q2,2.058336314704885,1.2381875052841278,10.700000000000001,8.641663685295116,0.0,0.0
france,1999Q3,1.7436543654278704,1.2022094257220732,10.366666666666667,8.623012301238797,0.0,0.0
france,1999Q4,1.3642720423300823,1.15859212485678,9.966666666666667,8.602394624336585,0.0,0.0
france,2000Q1,1.0535226787448568,1.1227909007737173,9.633333333333333,8.579810654588476,0.0,0.0
france,2000Q2,0.744739608005526,1.0870504898602982,9.299999999999999,8.555260391994473,0.0,0.0
france,2000Q3,0.47125616344542465,1.0552550495684487,9.0,8.528743836554575,0.0,0.0
france,2000Q4,0.26640567839788254,1.031340882211211,8.766666666666667,8.500260988268785,0.0,0.0
france,2001Q1,0.0968548195295682,1.0114352976521321,8.566666666666666,8.469811847137098,0.0,0.0
france,2001Q2,0.06260358684048484,1.0074197754585579,8.5,8.437396413159515,0.0,0.0
france,2001Q3,0.0,1.0,8.4,8.4,0.0,0.0
france,2001Q4,0.0,1.0,8.366666666666667,8.366666666666667,1.0,0.0
france,2002Q1,0.0,1.0,8.2,8.2,0.0,0.0
france,2002Q2,0.0,1.0,8.2,8.2,0.0,0.0
france,2002Q3,0.05417514941681745,1.006570009719887,8.3,8.245824850583183,0.0,0.0
france,2002Q4,0.1983883404697675,1.0241889458688576,8.4,8.201611659530233,0.0,0.0
france,2003Q1,0.14456782436860927,1.017726568164049,8.299999999999999,8.15543217563139,0.0,0.0
france,2003Q2,0.39271360111335163,1.0484395865387564,8.5,8.107286398886648,0.0,0.0
france,2003Q3,0.37615900403732105,1.046686218848412,8.433333333333334,8.057174329296013,0.0,0.0
france,2003Q4,0.8282373664738518,1.1034637648196468,8.833333333333334,8.005095966859482,0.0,0.0
france,2004Q1,0.9489486884229406,1.1193488321527032,8.9,7.95105131157706,0.0,0.0
france,2004Q2,0.9049596365512631,1.1146238137984585,8.8,7.895040363448738,0.0,0.0
france,2004Q3,1.0296035441921427,1.1313761964273996,8.866666666666667,7.837063122474524,0.0,0.0
france,2004Q4,1.189547078012252,1.152954710860768,8.966666666666667,7.777119588654415,0.0,0.0
france,2005Q1,0.9176738449449475,1.1189365402045013,8.633333333333333,7.715659488388385,0.0,0.0
france,2005Q2,1.1446188199237257,1.1495182007269193,8.799999999999999,7.655381180076273,0.0,0.0
france,2005Q3,1.4032656098819434,1.1847195831550108,9.0,7.596734390118057,0.0,1.0
france,2005Q4,1.5602808814862676,1.2069415129344816,9.1,7.539719118513732,0.0,0.0
france,2006Q1,1.6823313014033658,1.2247803204024625,9.166666666666666,7.4843353652633,0.0,0.0
france,2006Q2,1.5027502029665714,1.2022385291438624,8.933333333333334,7.430583130366762,0.0,0.0
france,2006Q3,1.5548709195092165,1.2107310212214466,8.933333333333334,7.378462413824117,0.0,0.0
france,2006Q4,1.0386934510313024,1.1417436200251236,8.366666666666667,7.327973215635365,0.0,0.0
france,2007Q1,1.1875511308661615,1.1631449762028765,8.466666666666667,7.279115535800505,0.0,0.0
france,2007Q2,0.9014439590137933,1.124648471838469,8.133333333333333,7.23188937431954,0.0,0.0
france,2007Q3,0.8137052688075332,1.1132301553505182,8.0,7.186294731192467,0.0,0.0
france,2007Q4,0.3576683935807141,1.0500772595407435,7.5,7.142331606419286,0.0,0.0
france,2008Q1,0.0,1.0,7.1000000000000005,7.1000000000000005,1.0,0.0
france,2008Q2,0.27403342139872766,1.0388187815813634,7.333333333333333,7.059299911934605,0.0,0.0
france,2008Q3,0.47976865777689515,1.0683408614886138,7.5,7.020231342223105,0.0,0.0
france,2008Q4,0.8172057091345026,1.117031330881897,7.8,6.982794290865497,0.0,0.0
france,2009Q1,1.6196779088048832,1.233148197767259,8.566666666666666,6.946988757861783,0.0,0.0
france,2009Q2,2.253851923454704,1.3260396824127065,9.166666666666666,6.912814743211962,0.0,0.0
france,2009Q3,2.319727753083967,1.3371563900140355,9.200000000000001,6.880272246916034,0.0,0.0
france,2009Q4,2.6839720643593346,1.39185727821324,9.533333333333333,6.849361268973999,0.0,0.0
france,2010Q1,2.5799181906141424,1.3782825870305009,9.4,6.820081809385858,0.0,0.0
france,2010Q2,2.47423279851506,1.3642630677813814,9.266666666666667,6.792433868151607,0.0,0.0
france,2010Q3,2.433582554728747,1.3596559884772508,9.2,6.766417445271252,0.0,0.0
france,2010Q4,2.45796745925521,1.3645736570389913,9.2,6.742032540744789,0.0,0.0
france,2011Q1,2.447387512094446,1.3642336411085243,9.166666666666666,6.71927915457222,0.0,0.0
france,2011Q2,2.401842713246456,1.3585826086820034,9.1,6.698157286753544,0.0,0.0
france,2011Q3,2.5213330627112374,1.3775204073486536,9.2,6.678666937288762,0.0,0.0
france,2011Q4,2.705858560488797,1.406235777604691,9.366666666666667,6.66080810617787,0.0,0.0
france,2012Q1,2.8887525399124607,1.434753166486102,9.533333333333333,6.6445807934208725,0.0,0.0
france,2012Q2,3.070015000982231,1.4630500674491802,9.7,6.629984999017768,0.0,0.0
france,2012Q3,3.1163126103647727,1.4709540351819719,9.733333333333333,6.61702072296856,0.0,0.0
france,2012Q4,3.5943120347267605,1.5441237996136687,10.200000000000001,6.6056879652732405,0.0,0.0
france,2013Q1,3.8040132740681836,1.5767163325409497,10.4,6.595986725931817,0.0,1.0
france,2013Q2,3.8454163283890495,1.583707464059282,10.433333333333334,6.587917004944284,0.0,0.0
france,2013Q3,3.651854531022688,1.5548683875940743,10.233333333333334,6.581478802310646,0.0,0.0
france,2013Q4,3.589994548635765,1.5458679533062434,10.166666666666666,6.576672118030901,0.0,0.0
france,2014Q1,3.6265030478949507,1.5516855144708976,10.2,6.573496952105049,0.0,0.0
france,2014Q2,3.5613800288002437,1.5419058632604308,10.133333333333333,6.571953304533089,0.0,0.0
france,2014Q3,3.661292158018309,1.5571012202069487,10.233333333333333,6.572041175315023,0.0,0.0
france,2014Q4,3.8929061022158162,1.5921886056008212,10.466666666666667,6.5737605644508506,0.0,0.0
france,2015Q1,3.7895551947260966,1.5761731743324083,10.366666666666667,6.5771114719405706,0.0,0.0
france,2015Q2,3.851239435549151,1.5851085528946411,10.433333333333334,6.5820938977841825,0.0,0.0
france,2015Q3,3.7112921580183116,1.5632807292457005,10.3,6.588707841981689,0.0,0.0
france,2015Q4,3.669713362133579,1.5562739635601088,10.266666666666667,6.596953304533089,0.0,0.0
france,2016Q1,3.6931697145616162,1.5589926719778853,10.299999999999999,6.606830285438383,0.0,0.0
france,2016Q2,3.381661215302433,1.5109531750053744,10.0,6.618338784697567,0.0,0.0
france,2016Q3,3.2351878643560212,1.4878531562566053,9.866666666666667,6.631478802310646,0.0,0.0
france,2016Q4,3.4204163283890487,1.5146385035619125,10.066666666666666,6.646250338277618,0.0,0.0
france,2017Q1,2.9706799407348505,1.4458704011280203,9.633333333333333,6.662653392598482,0.0,0.0
france,2017Q2,2.8193120347267584,1.42200923757879,9.5,6.680687965273242,0.0,0.0
france,2017Q3,2.7663126103647757,1.4128606618575585,9.466666666666667,6.700354056301891,0.0,0.0
france,2017Q4,2.3116816676488963,1.343915719323951,9.033333333333333,6.721651665684437,0.0,0.0
france,2018Q1,2.5220858732457945,1.3739425696710477,9.266666666666667,6.744580793420873,0.0,0.0
france,2018Q2,2.330858560488796,1.344335922260934,9.1,6.769141439511204,0.0,0.0
france,2018Q3,2.1379997293779063,1.3146276333119862,8.933333333333334,6.795333603955427,0.0,0.0
france,2018Q4,1.943509379913123,1.2848401844240416,8.766666666666667,6.823157286753545,0.0,0.0
france,2019Q1,1.8807208454277786,1.2744531153260361,8.733333333333333,6.852612487905554,0.0,0.0
france,2019Q2,1.6163007925885422,1.2348011939348429,8.5,6.883699207411458,0.0,0.0
france,2019Q3,1.383582554728747,1.2000432399687935,8.299999999999999,6.916417445271252,0.0,0.0
france,2019Q4,1.2492327985150578,1.1797258866975397,8.2,6.9507672014849415,0.0,0.0
france,2020Q1,0.8799181906141431,1.1259410144261115,7.866666666666666,6.986748476052523,0.0,0.0
france,2020Q2,0.27563873102600045,1.0392403978769533,7.3,7.024361268973999,0.0,0.0
france,2020Q3,1.8363944197506328,1.259979750976668,8.9,7.063605580249368,0.0,0.0
france,2020Q4,0.9955185901213701,1.1401254409276267,8.1,7.1044814098786295,0.0,0.0
france,2021Q1,0.9863445754715485,1.1380084128978873,8.133333333333333,7.146988757861784,0.0,0.0
france,2021Q2,0.8422057091345021,1.1171173358543103,8.033333333333333,7.191127624198831,0.0,0.0
france,2021Q3,0.5964353244435614,1.0824158809079392,7.833333333333333,7.236898008889772,0.0,0.0
france,2021Q4,0.14903342139872766,1.020459539447923,7.433333333333334,7.284299911934606,0.0,0.0
france,2022Q1,0.0,1.0,7.333333333333333,7.333333333333333,1.0,0.0
france,2022Q2,0.16250000000000053,1.022146507666099,7.5,7.3374999999999995,0.0,0.0
france,2022Q3,0.0,1.0,7.2,7.2,0.0,0.0
france,2022Q4,0.0,1.0,7.166666666666667,7.166666666666667,0.0,0.0
france,2023Q1,0.0,1.0,7.099999999999999,7.099999999999999,0.0,0.0
france,2023Q2,0.0,1.0,7.3,7.3,0.0,0.0
france,2023Q3,0.04166666666666963,1.0056625141562858,7.400000000000001,7.358333333333332,0.0,0.0
france,2023Q4,0.20416666666666838,1.0277306168647427,7.566666666666666,7.362499999999998,0.0,0.0
france,2024Q1,0.13333333333333552,1.0180995475113126,7.5,7.3666666666666645,0.0,0.0
france,2024Q2,0.06250000000000266,1.0084793668739405,7.433333333333334,7.370833333333331,0.0,0.0
france,2024Q3,0.12500000000000266,1.0169491525423733,7.5,7.374999999999997,0.0,0.0
france,2024Q4,0.0,1.0,7.366666666666667,7.366666666666667,0.0,0.0
france,2025Q1,0.0833333333333357,1.011286681715576,7.466666666666666,7.38333333333333,0.0,0.0
france,2025Q2,0.2125000000000039,1.0287648054145522,7.6000000000000005,7.387499999999997,0.0,0.0
france,2025Q3,0.40833333333333677,1.0552423900789183,7.8,7.391666666666663,0.0,0.0
france,2025Q4,0.6041666666666705,1.081690140845071,8.0,7.3958333333333295,0.0,0.0
france,2026Q1,0.733333333333337,1.0990990990990996,8.133333333333333,7.399999999999996,0.0,0.0
france,2026Q2,0.795833333333337,1.1074845244794602,8.2,7.404166666666662,0.0,0.0
germany,1991Q1,0.0,1.0,5.233333333333333,5.233333333333333,0.0,0.0
germany,1991Q2,0.0,1.0,5.333333333333333,5.333333333333333,1.0,0.0
germany,1991Q3,0.1343966751422183,1.0245895406516197,5.6000000000000005,5.465603324857782,0.0,0.0
germany,1991Q4,0.30562116262638206,1.0546300441051042,5.8999999999999995,5.594378837373617,0.0,0.0
germany,1992Q1,0.3803401291191646,1.066496983685254,6.1000000000000005,5.719659870880836,0.0,0.0
germany,1992Q2,0.5585535746205608,1.09561905287598,6.3999999999999995,5.841446425379439,0.0,0.0
germany,1992Q3,0.8069281657972409,1.135396572463628,6.766666666666667,5.959738500869426,0.0,0.0
germany,1992Q4,1.0254639026492018,1.168813533447669,7.1000000000000005,6.074536097350799,0.0,0.0
germany,1993Q1,1.2141607851764453,1.1962806893310236,7.3999999999999995,6.185839214823554,0.0,0.0
germany,1993Q2,1.3063521467123058,1.207566768456848,7.6000000000000005,6.293647853287695,0.0,0.0
germany,1993Q3,1.5020379872567782,1.234768194038207,7.8999999999999995,6.397962012743221,0.0,0.0
germany,1993Q4,1.7012183068098716,1.2617749583114208,8.200000000000001,6.498781693190129,0.0,0.0
germany,1994Q1,1.8705597720382432,1.2835854242388862,8.466666666666667,6.596106894628424,0.0,0.0
germany,1994Q2,1.8433957162752295,1.2755475195426205,8.533333333333333,6.689937617058104,0.0,0.0
germany,1994Q3,1.653059472854168,1.2438042337035256,8.433333333333334,6.7802738604791655,0.0,0.0
germany,1994Q4,1.3995510417750534,1.2038047876610702,8.266666666666667,6.867115624891614,0.0,0.0
germany,1995Q1,1.1828704230378877,1.1701858478067337,8.133333333333333,6.950462910295445,0.0,0.0
germany,1995Q2,1.0696842833093383,1.1521530933198068,8.1,7.030315716690661,0.0,0.0
germany,1995Q3,1.1599926225894057,1.1632258093441263,8.266666666666667,7.106674044077262,0.0,0.0
germany,1995Q4,1.2537954408780863,1.1746345600035988,8.433333333333334,7.179537892455247,0.0,0.0
germany,1996Q1,1.3177594048420511,1.181787317349451,8.566666666666666,7.248907261824615,0.0,0.0
germany,1996Q2,1.4518845144812982,1.1984863642244674,8.766666666666667,7.314782152185369,0.0,0.0
germany,1996Q3,1.6228374364624916,1.2199812492249467,9.0,7.377162563537508,0.0,0.0
germany,1996Q4,1.863951504118968,1.2506642479741017,9.299999999999999,7.436048495881031,0.0,1.0
germany,1997Q1,2.0418933841173956,1.2725635389136507,9.533333333333333,7.491439949215938,0.0,0.0
germany,1997Q2,2.156663076457769,1.2859030556791085,9.7,7.54333692354223,0.0,0.0
germany,1997Q3,2.108260581140093,1.2777045502777151,9.7,7.591739418859906,0.0,0.0
germany,1997Q4,2.0633525648310336,1.2701908896996736,9.7,7.636647435168966,0.0,0.0
germany,1998Q1,1.9886056941972567,1.2589984243844423,9.666666666666666,7.678060972469409,0.0,0.0
germany,1998Q2,1.7840199692387593,1.2312110661414908,9.5,7.715980030761241,0.0,0.0
germany,1998Q3,1.5495953899555452,1.1999373539734022,9.299999999999999,7.750404610044454,0.0,0.0
germany,1998Q4,1.2853319563476147,1.1651814250636332,9.066666666666666,7.781334710319052,0.0,0.0
germany,1999Q1,1.0245630017482998,1.131206701982786,8.833333333333334,7.808770331585034,0.0,0.0
germany,1999Q2,0.8006218594909322,1.1022151603776846,8.633333333333333,7.832711473842401,0.0,0.0
germany,1999Q3,0.6135085295755136,1.078122523304078,8.466666666666667,7.853158137091153,0.0,0.0
germany,1999Q4,0.42988967866871075,1.0546230816489992,8.299999999999999,7.870110321331288,0.0,0.0
germany,2000Q1,0.24976530677052455,1.0316817595699013,8.133333333333333,7.883568026562808,0.0,0.0
germany,2000Q2,0.10646874721428645,1.013488101054482,8.0,7.8935312527857135,0.0,0.0
germany,2000Q3,0.0,1.0,7.900000000000001,7.900000000000001,1.0,0.0
germany,2000Q4,0.0,1.0,7.766666666666667,7.766666666666667,0.0,0.0
germany,2001Q1,0.0,1.0,7.666666666666667,7.666666666666667,0.0,0.0
germany,2001Q2,0.0,1.0,7.666666666666667,7.666666666666667,0.0,0.0
germany,2001Q3,0.0,1.0,7.833333333333333,7.833333333333333,0.0,0.0
germany,2001Q4,0.1534067823911185,1.0194680472463002,8.033333333333333,7.879926550942215,0.0,0.0
germany,2002Q1,0.3012382425618574,1.0382990253447182,8.166666666666666,7.865428424104809,0.0,0.0
germany,2002Q2,0.5525641817412099,1.0704133419550304,8.4,7.84743581825879,0.0,0.0
germany,2002Q3,0.9073845999291779,1.1159456355823176,8.733333333333333,7.825948733404155,0.0,0.0
germany,2002Q4,1.2990328304590948,1.1665220224911605,9.1,7.800967169540905,0.0,0.0
germany,2003Q1,1.7275088733309643,1.2222593561288893,9.5,7.772491126669036,0.0,0.0
germany,2003Q2,1.992812728544779,1.25745202813774,9.733333333333333,7.7405206047885535,0.0,0.0
germany,2003Q3,2.0949443961005443,1.27189218401491,9.8,7.705055603899456,0.0,0.0
germany,2003Q4,2.133903875998259,1.2783560030400911,9.8,7.666096124001742,0.0,0.0
germany,2004Q1,2.443024501571255,1.3204537212877803,10.066666666666668,7.623642165095413,0.0,0.0
germany,2004Q2,2.722306272819532,1.359252613107716,10.3,7.577693727180469,0.0,0.0
germany,2004Q3,2.8384158564097577,1.377035240715219,10.366666666666667,7.5282508102569095,0.0,0.0
germany,2004Q4,3.124686585675266,1.4180007462546675,10.6,7.4753134143247335,0.0,0.0
germany,2005Q1,3.414451793949392,1.460238079799954,10.833333333333334,7.418881539383942,0.0,0.0
germany,2005Q2,3.8410448145654623,1.5219551849110295,11.199999999999998,7.358955185434535,0.0,1.0
germany,2005Q3,3.871132314190154,1.5306166933304997,11.166666666666666,7.295534352476512,0.0,0.0
germany,2005Q4,3.6380476261567924,1.5032839060640524,10.866666666666667,7.228619040509875,0.0,0.0
germany,2006Q1,3.3751240837987133,1.4715039706359718,10.533333333333333,7.15820924953462,0.0,0.0
germany,2006Q2,3.11569502044925,1.4398024971317414,10.200000000000001,7.084304979550751,0.0,0.0
germany,2006Q3,2.893093769441734,1.4128917491181026,9.9,7.006906230558267,0.0,0.0
germany,2006Q4,2.6406536641095,1.3812660564071335,9.566666666666666,6.926013002557166,0.0,0.0
germany,2007Q1,2.2250413711192163,1.325221168216751,9.066666666666666,6.84162529554745,0.0,0.0
germany,2007Q2,1.8462568904708814,1.2733679473040551,8.6,6.753743109529118,0.0,0.0
germany,2007Q3,1.770966888831162,1.2658164938214371,8.433333333333334,6.6623664445021715,0.0,0.0
germany,2007Q4,1.632504699533392,1.248573409625037,8.200000000000001,6.567495300466609,0.0,0.0
germany,2008Q1,1.4308703225775687,1.2211843623372358,7.8999999999999995,6.469129677422431,0.0,0.0
germany,2008Q2,1.1660637579636974,1.1831340332242812,7.533333333333334,6.367269575369637,0.0,0.0
germany,2008Q3,0.871418339025106,1.1391616366266841,7.133333333333333,6.261914994308227,0.0,0.0
germany,2008Q4,0.880267399095132,1.1430615905148944,7.033333333333334,6.153065934238202,0.0,0.0
germany,2009Q1,1.1592776048404394,1.1919104254433823,7.2,6.040722395159561,0.0,0.0
germany,2009Q2,1.5417822895943596,1.2602214982558375,7.466666666666666,5.924884377072306,0.0,0.0
germany,2009Q3,1.7277814533569016,1.297608477036625,7.533333333333334,5.8055518799764325,0.0,0.0
germany,2009Q4,1.5831599333228423,1.2785533663635529,7.266666666666667,5.683506733343824,0.0,0.0
germany,2010Q1,1.4365600859942704,1.2582143616538015,7.0,5.56343991400573,0.0,0.0
germany,2010Q2,1.2538667485659722,1.2302306408378485,6.7,5.446133251434028,0.0,0.0
germany,2010Q3,1.1017465877046142,1.2066451584245381,6.433333333333334,5.331586745628719,0.0,0.0
germany,2010Q4,0.9801996034101963,1.187784882358831,6.2,5.219800396589804,0.0,0.0
germany,2011Q1,0.7558924623493848,1.1479017526759157,5.866666666666667,5.110774204317282,0.0,0.0
germany,2011Q2,0.5621584978555143,1.1123304186731018,5.566666666666666,5.004508168811152,0.0,0.0
germany,2011Q3,0.5323310432619186,1.1086167709695482,5.433333333333334,4.901002290071415,0.0,0.0
germany,2011Q4,0.4330767652352616,1.0902195037059972,5.233333333333333,4.800256568098072,0.0,0.0
germany,2012Q1,0.3977289971088789,1.0845823213643666,5.1,4.702271002891121,0.0,0.0
germany,2012Q2,0.4929544055494359,1.1070001143776884,5.1,4.607045594450564,0.0,0.0
germany,2012Q3,0.5187529905569335,1.1149061377071225,5.033333333333333,4.5145803427764,0.0,0.0
germany,2012Q4,0.575124752131372,1.1299753597366158,5.0,4.424875247868628,0.0,0.0
germany,2013Q1,0.7287363569394172,1.1679917160737505,5.066666666666666,4.337930309727249,0.0,0.0
germany,2013Q2,0.7129211383144032,1.1675984455493653,4.966666666666667,4.253745528352264,0.0,0.0
germany,2013Q3,0.7276790962563293,1.1744063107905744,4.9,4.172320903743671,0.0,0.0
germany,2013Q4,0.7063435640985292,1.1725458829187223,4.8,4.093656435901471,0.0,0.0
germany,2014Q1,0.7822478751743356,1.1946978934665557,4.8,4.017752124825664,0.0,0.0
germany,2014Q2,0.7887253628170829,1.1999502532855904,4.733333333333333,3.9446079705162505,0.0,0.0
germany,2014Q3,0.8257760270267704,1.2131461765730178,4.7,3.8742239729732297,0.0,0.0
germany,2014Q4,0.8267332011367312,1.2171841465942639,4.633333333333333,3.8066001321966016,0.0,0.0
germany,2015Q1,0.7582635518136338,1.2026501765460171,4.5,3.741736448186366,0.0,0.0
germany,2015Q2,0.7203670790574752,1.1957714518090994,4.4,3.679632920942525,0.0,0.0
germany,2015Q3,0.679710449534924,1.1877503000961915,4.3,3.620289550465076,0.0,0.0
germany,2015Q4,0.6362936632459797,1.1785482874061795,4.2,3.5637063367540205,0.0,0.0
germany,2016Q1,0.5567833868573091,1.1586330206648785,4.066666666666666,3.5098832798093573,0.0,0.0
germany,2016Q2,0.5411796203689123,1.1564636381686388,4.0,3.4588203796310877,0.0,0.0
germany,2016Q3,0.4561490304474569,1.1337477412822088,3.8666666666666667,3.41051763621921,0.0,0.0
germany,2016Q4,0.3350249504262748,1.0995623876821066,3.7000000000000006,3.364975049573726,0.0,0.0
germany,2017Q1,0.31114071363869833,1.0936552299208038,3.6333333333333333,3.322192619694635,0.0,0.0
germany,2017Q2,0.28449632008473014,1.0866793280187317,3.5666666666666664,3.2821703465819363,0.0,0.0
germany,2017Q3,0.2217584364310352,1.0683404339034057,3.466666666666667,3.2449082302356316,0.0,0.0
germany,2017Q4,0.18959372934428043,1.0590559927188143,3.4,3.2104062706557195,0.0,0.0
germany,2018Q1,0.12133553215779935,1.0381718590890363,3.2999999999999994,3.1786644678422,0.0,0.0
germany,2018Q2,0.05031717820492654,1.015975315945067,3.2000000000000006,3.149682821795074,0.0,0.0
germany,2018Q3,0.04320533415232619,1.0138325176952157,3.1666666666666665,3.1234613325143403,0.0,0.0
germany,2018Q4,0.0,1.0,3.1,3.1,1.0,0.0
germany,2019Q1,0.0,1.0,3.0,3.0,0.0,0.0
germany,2019Q2,0.0,1.0,2.9,2.9,0.0,0.0
germany,2019Q3,0.0,1.0,2.9,2.9,0.0,0.0
germany,2019Q4,0.0,1.0,3.0,3.0,0.0,0.0
germany,2020Q1,0.27590431107580704,1.091235311133279,3.3000000000000003,3.0240956889241932,0.0,0.0
germany,2020Q2,0.6494713696584555,1.2152566558427484,3.6666666666666665,3.017195297008211,0.0,0.0
germany,2020Q3,0.8202782714747117,1.272241381134508,3.8333333333333335,3.013055061858622,0.0,1.0
germany,2020Q4,0.7883250165245741,1.2617563385325397,3.7999999999999994,3.0116749834754253,0.0,0.0
germany,2021Q1,0.8869449381413781,1.2943673181977167,3.9,3.013055061858622,0.0,0.0
germany,2021Q2,0.6828047029917883,1.2263044436231367,3.6999999999999997,3.0171952970082114,0.0,0.0
germany,2021Q3,0.4092376444091399,1.1353256267346237,3.4333333333333336,3.0240956889241937,0.0,0.0
germany,2021Q4,0.3329104290600977,1.109735391701326,3.3666666666666667,3.033756237606569,0.0,0.0
germany,2022Q1,0.18715639027799558,1.061439763275956,3.233333333333333,3.0461769430553374,0.0,0.0
germany,2022Q2,0.038642194729501256,1.0126225672356801,3.1,3.061357805270499,0.0,0.0
germany,2022Q3,0.020701175747947165,1.0067226914078322,3.1,3.079298824252053,0.0,0.0
germany,2022Q4,0.0,1.0,3.1,3.1,1.0,0.0
germany,2023Q1,0.0,1.0,3.033333333333333,3.033333333333333,0.0,0.0
germany,2023Q2,0.0,1.0,3.0,3.0,0.0,0.0
germany,2023Q3,0.0,1.0,3.1,3.1,0.0,0.0
germany,2023Q4,0.06666666666666643,1.021505376344086,3.1666666666666665,3.1,0.0,0.0
germany,2024Q1,0.13333333333333286,1.0430107526881718,3.233333333333333,3.1,0.0,0.0
germany,2024Q2,0.2999999999999998,1.096774193548387,3.4,3.1,0.0,0.0
germany,2024Q3,0.2999999999999998,1.096774193548387,3.4,3.1,0.0,0.0
germany,2024Q4,0.3333333333333335,1.1075268817204302,3.4333333333333336,3.1,0.0,0.0
germany,2025Q1,0.46666666666666634,1.150537634408602,3.5666666666666664,3.1,0.0,0.0
germany,2025Q2,0.6000000000000005,1.1935483870967745,3.7000000000000006,3.1,0.0,0.0
germany,2025Q3,0.6999999999999993,1.225806451612903,3.7999999999999994,3.1,0.0,0.0
germany,2025Q4,0.7999999999999998,1.2580645161290323,3.9,3.1,0.0,0.0
germany,2026Q1,0.7333333333333334,1.2365591397849462,3.8333333333333335,3.1,0.0,0.0
germany,2026Q2,0.6999999999999997,1.225806451612903,3.8,3.1,0.0,0.0
italy,1983Q1,0.0,1.0,7.066666666666666,7.066666666666666,0.0,0.0
italy,1983Q2,0.0,1.0,7.266666666666667,7.266666666666667,1.0,0.0
italy,1983Q3,0.09812695109261149,1.0133775310440054,7.433333333333334,7.335206382240722,0.0,0.0
italy,1983Q4,0.29788414845646827,1.0402431081100076,7.7,7.402115851543532,0.0,0.0
italy,1984Q1,0.3992715920915728,1.0534686578256731,7.866666666666667,7.467395074575094,0.0,0.0
italy,1984Q2,0.3022892819979184,1.0401390935887989,7.833333333333333,7.531044051335415,0.0,0.0
italy,1984Q3,0.20693721817551136,1.0272534580737114,7.8,7.5930627818244885,0.0,0.0
italy,1984Q4,0.17988206729101552,1.0235033922655439,7.833333333333333,7.6534512660423175,0.0,0.0
italy,1985Q1,0.2877904960110991,1.0373162186351716,8.0,7.712209503988901,0.0,0.0
italy,1985Q2,0.2639958376690936,1.033979195499799,8.033333333333333,7.76933749566424,0.0,0.0
italy,1985Q3,0.40849809226500167,1.0522053282503656,8.233333333333333,7.824835241068331,0.0,0.0
italy,1985Q4,0.5212972597988204,1.066165367191593,8.4,7.87870274020118,0.0,0.0
italy,1986Q1,0.6357266736038829,1.0801577964478302,8.566666666666666,7.9309399930627835,0.0,0.0
italy,1986Q2,0.7851196670135279,1.0983668538251603,8.766666666666667,7.98154699965314,0.0,0.0
italy,1986Q3,0.969476240027749,1.1207239115411196,9.0,8.030523759972251,0.0,0.0
italy,1986Q4,1.0554630593132135,1.130661055885952,9.133333333333333,8.07787027402012,0.0,0.0
italy,1987Q1,1.1430801248699272,1.1407112633057646,9.266666666666667,8.12358654179674,0.0,0.0
italy,1987Q2,1.4989941033645504,1.1835276930786414,9.666666666666666,8.167672563302116,0.0,0.0
italy,1987Q3,1.5898716614637536,1.1936476015851423,9.8,8.210128338536247,0.0,1.0
italy,1987Q4,1.4823794658341996,1.1796615869679452,9.733333333333333,8.250953867499133,0.0,0.0
italy,1988Q1,1.4098508498092261,1.1700633877952344,9.7,8.290149150190773,0.0,0.0
italy,1988Q2,1.3056191467221634,1.1567800139948685,9.633333333333333,8.32771418661117,0.0,0.0
italy,1988Q3,1.2363510232396795,1.1478243559330468,9.6,8.36364897676032,0.0,0.0
italy,1988Q4,1.4020464793617755,1.1669509691755502,9.8,8.397953520638225,0.0,0.0
italy,1989Q1,1.369372181755116,1.162428256978873,9.8,8.430627818244885,0.0,0.0
italy,1989Q2,1.3383281304197006,1.158163558106169,9.8,8.4616718695803,0.0,0.0
italy,1989Q3,1.2089143253555346,1.1423745292036702,9.700000000000001,8.491085674644467,0.0,0.0
italy,1989Q4,0.8477974332292746,1.0995199491854608,9.366666666666667,8.518869233437393,0.0,0.0
italy,1990Q1,0.4549774540409306,1.0532447341822508,9.0,8.54502254595907,0.0,0.0
italy,1990Q2,0.3304543877904962,1.038561483040557,8.9,8.569545612209504,0.0,0.0
italy,1990Q3,0.2075615678113074,1.0241563055062166,8.8,8.592438432188693,0.0,0.0
italy,1990Q4,0.11963232743669572,1.0138886092464552,8.733333333333333,8.613701005896637,0.0,0.0
italy,1991Q1,0.0,1.0,8.633333333333333,8.633333333333333,1.0,0.0
italy,1991Q2,0.0,1.0,8.466666666666667,8.466666666666667,0.0,0.0
italy,1991Q3,0.0,1.0,8.433333333333334,8.433333333333334,0.0,0.0
italy,1991Q4,0.0,1.0,8.6,8.6,0.0,0.0
italy,1992Q1,0.0,1.0,8.666666666666666,8.666666666666666,0.0,0.0
italy,1992Q2,0.0,1.0,8.666666666666666,8.666666666666666,0.0,0.0
italy,1992Q3,0.2831078737426296,1.032478074713101,9.0,8.71689212625737,0.0,0.0
italy,1992Q4,0.174887270204648,1.0200441272933272,8.9,8.725112729795352,0.0,0.0
italy,1993Q1,0.4016302462712442,1.0459967823306253,9.133333333333333,8.731703087062089,0.0,0.0
italy,1993Q2,1.0633368019424196,1.1217097166088343,9.799999999999999,8.73666319805758,0.0,0.0
italy,1993Q3,1.2266736038848407,1.1403517823267477,9.966666666666667,8.739993062781826,0.0,0.0
italy,1993Q4,1.6916406520985081,1.1935140840320129,10.433333333333334,8.741692681234825,0.0,0.0
italy,1994Q1,1.6915712799167544,1.1935046126376352,10.433333333333334,8.74176205341658,0.0,0.0
italy,1994Q2,1.8264654873395756,1.2089729343598696,10.566666666666666,8.74020117932709,0.0,0.0
italy,1994Q3,1.662989941033647,1.1903385631709333,10.4,8.737010058966353,0.0,0.0
italy,1994Q4,2.401144640998959,1.2749762660427648,11.133333333333333,8.732188692334374,0.0,0.0
italy,1995Q1,2.507596253902186,1.2873793045877178,11.233333333333334,8.725737079431148,0.0,0.0
italy,1995Q2,2.382344779743322,1.2732781601878007,11.1,8.717655220256677,0.0,0.0
italy,1995Q3,2.4587235518557033,1.282354112726548,11.166666666666666,8.707943114810963,0.0,0.0
italy,1995Q4,2.403399236906001,1.2763607646685786,11.1,8.696600763093999,0.0,0.0
italy,1996Q1,2.3163718348942073,1.2667516147458149,11.0,8.683628165105793,0.0,0.0
italy,1996Q2,2.6309746791536615,1.3034914055247913,11.300000000000002,8.669025320846341,0.0,0.0
italy,1996Q3,2.447207769684356,1.2828228974585103,11.1,8.652792230315644,0.0,0.0
italy,1996Q4,2.5650711064862968,1.2970575830002609,11.199999999999998,8.6349288935137,0.0,0.0
italy,1997Q1,2.6512313562261536,1.3077304002286791,11.266666666666666,8.615435310440512,0.0,1.0
italy,1997Q2,2.8056885189039207,1.3264587890577706,11.4,8.59431148109608,0.0,0.0
italy,1997Q3,2.4284425945195967,1.2833140443027216,11.0,8.571557405480403,0.0,0.0
italy,1997Q4,2.752826916406523,1.3220745490331354,11.300000000000002,8.54717308359348,0.0,0.0
italy,1998Q1,2.5788414845646894,1.3026397736755337,11.1,8.52115851543531,0.0,0.0
italy,1998Q2,3.006486298994103,1.3539743861999118,11.5,8.493513701005897,0.0,0.0
italy,1998Q3,2.8357613596947644,1.3350285217847426,11.300000000000002,8.464238640305238,0.0,0.0
italy,1998Q4,2.9999999999999982,1.3557312252964424,11.433333333333332,8.433333333333334,0.0,0.0
italy,1999Q1,2.6992022199098145,1.3213030822271308,11.1,8.400797780090185,0.0,0.0
italy,1999Q2,2.700034686090879,1.3227146469881017,11.066666666666668,8.36663198057579,0.0,0.0
italy,1999Q3,2.602497398543184,1.3123933082963468,10.933333333333332,8.330835934790148,0.0,0.0
italy,1999Q4,2.3732570239334034,1.2861617990874075,10.666666666666666,8.293409642733263,0.0,0.0
italy,2000Q1,2.312313562261531,1.2801326200871523,10.566666666666666,8.254353104405135,0.0,0.0
italy,2000Q2,2.0530003468609106,1.2499493243243245,10.266666666666667,8.213666319805757,0.0,0.0
italy,2000Q3,1.7953173777315303,1.219708803803379,9.966666666666667,8.171349288935136,0.0,0.0
italy,2000Q4,1.4725979882067275,1.1811892639332855,9.6,8.127402011793272,0.0,0.0
italy,2001Q1,1.2848421782865067,1.1589792230867944,9.366666666666667,8.08182448838016,0.0,0.0
italy,2001Q2,1.0987166146375298,1.136747856569302,9.133333333333333,8.034616718695803,0.0,0.0
italy,2001Q3,1.0475546305931314,1.1311775181340398,9.033333333333333,7.985778702740202,0.0,0.0
italy,2001Q4,0.9313562261533122,1.1173685935963282,8.866666666666667,7.935310440513355,0.0,0.0
italy,2002Q1,0.6501214013180707,1.0824691010370786,8.533333333333333,7.8832119320152625,0.0,0.0
italy,2002Q2,1.0038501560874096,1.128214102177881,8.833333333333334,7.829483177245924,0.0,0.0
italy,2002Q3,0.8258758237946573,1.1062339377498571,8.6,7.774124176205342,0.0,0.0
italy,2002Q4,0.7495317377731521,1.0971256489201517,8.466666666666667,7.717134928893515,0.0,0.0
italy,2003Q1,1.074817898022891,1.1403428519667562,8.733333333333333,7.658515435310441,0.0,0.0
italy,2003Q2,0.8684009712105443,1.1142893662865543,8.466666666666667,7.5982656954561225,0.0,0.0
italy,2003Q3,0.8636142906694406,1.1145926341854062,8.4,7.53638570933056,0.0,0.0
italy,2003Q4,0.727124523066248,1.097301838537339,8.2,7.472875476933751,0.0,0.0
italy,2004Q1,0.7922650017343047,1.106951045349191,8.200000000000001,7.407734998265696,0.0,0.0
italy,2004Q2,0.6923690600069374,1.0943158193158193,8.033333333333333,7.340964273326396,0.0,0.0
italy,2004Q3,0.5607700312174808,1.0771076177575976,7.833333333333333,7.272563302115852,0.0,0.0
italy,2004Q4,0.8308012486992711,1.1153484967420983,8.033333333333333,7.202532084634062,0.0,0.0
italy,2005Q1,0.7691293791189731,1.1078591128643904,7.900000000000001,7.130870620881028,0.0,0.0
italy,2005Q2,0.742421089143253,1.1051948690224602,7.8,7.057578910856747,0.0,0.0
italy,2005Q3,0.6840097121054454,1.097958372659083,7.666666666666667,6.982656954561222,0.0,0.0
italy,2005Q4,0.7938952480055494,1.1149555757572713,7.7,6.906104751994451,0.0,0.0
italy,2006Q1,0.505411030176897,1.0740212040701245,7.333333333333333,6.827922303156436,0.0,0.0
italy,2006Q2,0.1852237252861606,1.027448238995004,6.933333333333334,6.748109608047173,0.0,0.0
italy,2006Q3,0.0,1.0,6.666666666666667,6.666666666666667,1.0,0.0
italy,2006Q4,0.0,1.0,6.533333333333334,6.533333333333334,0.0,0.0
italy,2007Q1,0.0,1.0,6.166666666666667,6.166666666666667,0.0,0.0
italy,2007Q2,0.0,1.0,6.0,6.0,0.0,0.0
italy,2007Q3,0.0,1.0,6.233333333333333,6.233333333333333,0.0,0.0
italy,2007Q4,0.0,1.0,6.3999999999999995,6.3999999999999995,0.0,0.0
italy,2008Q1,0.09032258064515819,1.0139465382699646,6.566666666666666,6.476344086021508,0.0,0.0
italy,2008Q2,0.42204301075268535,1.0654876115792102,6.866666666666667,6.444623655913982,0.0,0.0
italy,2008Q3,0.32043010752687806,1.0499664654594225,6.733333333333333,6.412903225806455,0.0,0.0
italy,2008Q4,0.585483870967737,1.091751621872103,6.966666666666666,6.381182795698929,0.0,0.0
italy,2009Q1,1.1172043010752635,1.175952582557154,7.466666666666666,6.349462365591402,0.0,0.0
italy,2009Q2,1.2489247311827905,1.197685303378435,7.566666666666666,6.317741935483876,0.0,0.0
italy,2009Q3,1.7473118279569837,1.2779678412589794,8.033333333333333,6.2860215053763495,0.0,0.0
italy,2009Q4,2.112365591397844,1.3377460672225554,8.366666666666667,6.254301075268823,0.0,0.0
italy,2010Q1,2.377419354838703,1.3820632452047679,8.6,6.222580645161297,0.0,0.0
italy,2010Q2,2.475806451612896,1.3999131567520608,8.666666666666666,6.19086021505377,0.0,0.0
italy,2010Q3,2.2075268817204234,1.3584148044692723,8.366666666666667,6.159139784946244,0.0,0.0
italy,2010Q4,2.272580645161283,1.3708870755461948,8.4,6.127419354838717,0.0,0.0
italy,2011Q1,2.0709677419354753,1.3397424589874738,8.166666666666666,6.095698924731191,0.0,0.0
italy,2011Q2,2.1026881720430017,1.346750598457308,8.166666666666666,6.063978494623664,0.0,0.0
italy,2011Q3,2.601075268817195,1.431194295900176,8.633333333333333,6.032258064516138,0.0,0.0
italy,2011Q4,3.3661290322580557,1.5609712391362758,9.366666666666667,6.000537634408611,0.0,0.0
italy,2012Q1,4.231182795698916,1.7088812826517719,10.200000000000001,5.968817204301085,0.0,0.0
italy,2012Q2,4.796236559139776,1.8078420719007486,10.733333333333334,5.9370967741935585,0.0,0.0
italy,2012Q3,5.127956989247301,1.8683539694100477,11.033333333333333,5.905376344086032,0.0,0.0
italy,2012Q4,5.7930107526881605,1.9862700228832915,11.666666666666666,5.873655913978506,0.0,0.0
italy,2013Q1,6.224731182795689,2.0655254923614907,12.066666666666668,5.841935483870979,0.0,0.0
italy,2013Q2,6.523118279569881,2.1226982511335204,12.333333333333334,5.810215053763453,0.0,0.0
italy,2013Q3,6.6548387096774055,2.1516561220692174,12.433333333333332,5.778494623655926,0.0,1.0
italy,2013Q4,6.819892473118268,2.186734025633825,12.566666666666668,5.7467741935484,0.0,0.0
italy,2014Q1,7.2182795698924584,2.263029162746937,12.933333333333332,5.715053763440873,0.0,0.0
italy,2014Q2,6.883333333333321,2.2111436950146577,12.566666666666668,5.683333333333347,0.0,0.0
italy,2014Q3,7.115053763440845,2.258942161339416,12.766666666666666,5.65161290322582,0.0,0.0
italy,2014Q4,7.280107526881706,2.2954175834688546,12.9,5.619892473118294,0.0,0.0
italy,2015Q1,6.9118279569892325,2.2368674235135595,12.5,5.5881720430107675,0.0,0.0
italy,2015Q2,6.776881720430093,2.219641993226893,12.333333333333334,5.556451612903241,0.0,0.0
italy,2015Q3,6.108602150537618,2.105683145192676,11.633333333333333,5.524731182795715,0.0,0.0
italy,2015Q4,6.173655913978478,2.123911128511298,11.666666666666666,5.493010752688188,0.0,0.0
italy,2016Q1,6.172043010752671,2.130143729080521,11.633333333333333,5.461290322580662,0.0,0.0
italy,2016Q2,6.270430107526866,2.1548668184968744,11.700000000000001,5.429569892473135,0.0,0.0
italy,2016Q3,6.302150537634392,2.1675298804780807,11.700000000000001,5.397849462365609,0.0,0.0
italy,2016Q4,6.467204301075252,2.20518986073539,11.833333333333334,5.366129032258082,0.0,0.0
italy,2017Q1,6.265591397849444,2.1745615803265395,11.6,5.334408602150556,0.0,0.0
italy,2017Q2,5.963978494623636,2.1247085065395845,11.266666666666666,5.3026881720430294,0.0,0.0
italy,2017Q3,6.062365591397831,2.1501427988576016,11.333333333333334,5.270967741935503,0.0,0.0
italy,2017Q4,5.7607526881720235,2.0995382247306233,11.0,5.2392473118279765,0.0,0.0
italy,2018Q1,5.725806451612882,2.099525087755515,10.933333333333332,5.20752688172045,0.0,0.0
italy,2018Q2,5.590860215053742,2.0801911291160193,10.766666666666666,5.175806451612924,0.0,0.0
italy,2018Q3,5.089247311827937,1.9893394648829352,10.233333333333334,5.144086021505397,0.0,0.0
italy,2018Q4,5.387634408602129,2.0538437269954692,10.5,5.112365591397871,0.0,0.0
italy,2019Q1,5.286021505376323,2.040423280423272,10.366666666666667,5.080645161290344,0.0,0.0
italy,2019Q2,4.951075268817182,1.9806197423064549,10.0,5.048924731182818,0.0,0.0
italy,2019Q3,4.582795698924708,1.9134162023146077,9.6,5.017204301075291,0.0,0.0
italy,2019Q4,4.681182795698901,1.9389625795319656,9.666666666666666,4.985483870967765,0.0,0.0
italy,2020Q1,4.012903225806428,1.8100716301280575,8.966666666666667,4.9537634408602385,0.0,0.0
italy,2020Q2,3.6446236559139544,1.740469688694694,8.566666666666666,4.922043010752712,0.0,0.0
italy,2020Q3,5.243010752688147,2.0721196130167003,10.133333333333333,4.8903225806451855,0.0,0.0
italy,2020Q4,4.874731182795673,2.0033196857364066,9.733333333333333,4.858602150537659,0.0,0.0
italy,2021Q1,5.339784946236533,2.106259746045879,10.166666666666666,4.826881720430133,0.0,0.0
italy,2021Q2,5.104838709677394,2.0645812310797065,9.9,4.795161290322606,0.0,0.0
italy,2021Q3,4.33655913978492,1.9103837471783192,9.1,4.76344086021508,0.0,0.0
italy,2021Q4,4.30161290322578,1.9091012384956147,9.033333333333333,4.731720430107553,0.0,0.0
italy,2022Q1,3.6999999999999735,1.7872340425531814,8.4,4.700000000000027,0.0,0.0
italy,2022Q2,3.4650537634408325,1.7422549809973409,8.133333333333333,4.6682795698925,0.0,0.0
italy,2022Q3,3.363440860215026,1.7254174397031437,8.0,4.636559139784974,0.0,0.0
italy,2022Q4,3.2284946236558856,1.7011091652072283,7.833333333333333,4.6048387096774475,0.0,0.0
italy,2023Q1,3.293548387096746,1.720197507641654,7.866666666666667,4.573118279569921,0.0,0.0
italy,2023Q2,3.1586021505376056,1.6955131999526352,7.7,4.5413978494623946,0.0,0.0
italy,2023Q3,3.190322580645132,1.7074391988554969,7.7,4.509677419354868,0.0,0.0
italy,2023Q4,2.9887096774193243,1.6674270620722662,7.466666666666666,4.477956989247342,0.0,0.0
italy,2024Q1,2.6537634408601853,1.5968561064086955,7.1000000000000005,4.446236559139815,0.0,0.0
italy,2024Q2,2.2521505376343782,1.510169285105336,6.666666666666667,4.414516129032289,0.0,0.0
italy,2024Q3,1.8838709677419043,1.4298331697742783,6.266666666666667,4.382795698924762,0.0,0.0
italy,2024Q4,1.8489247311827643,1.424935129123924,6.2,4.351075268817236,0.0,0.0
italy,2025Q1,2.0139784946236237,1.466268359472232,6.333333333333333,4.319354838709709,0.0,0.0
italy,2025Q2,1.9790322580644837,1.4615673981191113,6.266666666666667,4.287634408602183,0.0,0.0
italy,2025Q3,1.7107526881720094,1.4019706922688115,5.966666666666666,4.2559139784946565,0.0,0.0
italy,2025Q4,1.442473118279537,1.3414789359806436,5.666666666666667,4.22419354838713,0.0,0.0
italy,2026Q1,1.0408602150537298,1.2482687868684177,5.233333333333333,4.192473118279604,0.0,0.0
italy,2026Q2,0.8892473118279227,1.213722703191617,5.05,4.160752688172077,0.0,0.0
japan,1955Q1,0.4056910569105687,1.1968441814595658,2.466666666666667,2.060975609756098,0.0,0.0
japan,1955Q2,0.4569105691056907,1.2236370871468363,2.5,2.0430894308943093,0.0,0.0
japan,1955Q3,0.5747967479674796,1.2838217583299878,2.6,2.0252032520325205,0.0,0.0
japan,1955Q4,0.4926829268292683,1.2454434993924666,2.5,2.0073170731707317,0.0,0.0
japan,1956Q1,0.6105691056910572,1.306906416019616,2.6,1.989430894308943,0.0,0.0
japan,1956Q2,0.3284552845528459,1.16659793814433,2.3000000000000003,1.9715447154471544,0.0,0.0
japan,1956Q3,0.1796747967479675,1.0919683728672493,2.1333333333333333,1.9536585365853658,0.0,0.0
japan,1956Q4,0.23089430894308927,1.119277614447711,2.1666666666666665,1.9357723577235773,0.0,0.0
japan,1957Q1,0.11544715447154452,1.0601949978804577,2.033333333333333,1.9178861788617887,0.0,0.0
japan,1957Q2,0.0,1.0,1.9000000000000001,1.9000000000000001,1.0,0.0
japan,1957Q3,0.008606190703391414,1.004631814095787,1.8666666666666665,1.858060475963275,0.0,0.0
japan,1957Q4,0.08267638081470419,1.045493482801796,1.9000000000000001,1.817323619185296,0.0,0.0
japan,1958Q1,0.15554390366726922,1.0874928723681783,1.9333333333333333,1.7777894296660641,0.0,0.0
japan,1958Q2,0.3272087592610877,1.1881096161442177,2.066666666666667,1.7394579074055792,0.0,0.0
japan,1958Q3,0.4643376142628255,1.2727660751645749,2.1666666666666665,1.702329052403841,0.0,0.0
japan,1958Q4,0.4335971353391501,1.2601994658880984,2.1,1.66640286466085,0.0,0.0
japan,1959Q1,0.8016539891567278,1.491306084138282,2.433333333333333,1.6316793441766053,0.0,1.0
japan,1959Q2,0.6351748423822257,1.3974417093039475,2.2333333333333334,1.5981584909511077,0.0,0.0
japan,1959Q3,0.634159695015643,1.404996405442494,2.1999999999999997,1.5658403049843568,0.0,0.0
japan,1959Q4,0.4319418803903139,1.2814458228946173,1.9666666666666668,1.534724786276353,0.0,0.0
japan,1960Q1,0.26185473183957053,1.174011599575503,1.7666666666666666,1.504811934827096,0.0,0.0
japan,1960Q2,0.19056491603008086,1.1291001219583254,1.6666666666666667,1.4761017506365859,0.0,0.0
japan,1960Q3,0.11807243296184389,1.081508285905481,1.5666666666666667,1.4485942337048228,0.0,0.0
japan,1960Q4,0.04437728263486074,1.0312013034288867,1.4666666666666668,1.422289384031806,0.0,0.0
japan,1961Q1,0.03614613171579717,1.0258706432995883,1.4333333333333333,1.3971872016175362,0.0,0.0
japan,1961Q2,0.0933789802046534,1.0679966631356206,1.4666666666666668,1.3732876864620134,0.0,0.0
japan,1961Q3,0.08274249476809592,1.061263924206679,1.4333333333333333,1.3505908385652374,0.0,0.0
japan,1961Q4,0.10423667540612502,1.0784267079331065,1.4333333333333333,1.3290966579272083,0.0,0.0
japan,1962Q1,0.0,1.0,1.3,1.3,0.0,0.0
japan,1962Q2,0.010283701572609383,1.0079736152711638,1.3,1.2897162984273907,0.0,0.0
japan,1962Q3,0.0,1.0,1.2333333333333334,1.2333333333333334,0.0,0.0
japan,1962Q4,0.07818672537077309,1.0622929025778838,1.3333333333333333,1.2551466079625602,0.0,0.0
japan,1963Q1,0.16033423638173416,1.1293366656458752,1.3999999999999997,1.2396657636182655,0.0,0.0
japan,1963Q2,0.0,1.0,1.2,1.2,0.0,0.0
japan,1963Q3,0.0,1.0,1.2,1.2,0.0,0.0
japan,1963Q4,0.032894099195471815,1.0274017195206853,1.2333333333333334,1.2004392341378616,0.0,0.0
japan,1964Q1,0.04356427450477973,1.036615739988795,1.2333333333333334,1.1897690588285537,0.0,0.0
japan,1964Q2,0.0,1.0,1.1666666666666667,1.1666666666666667,0.0,0.0
japan,1964Q3,0.0,1.0,1.1666666666666667,1.1666666666666667,0.0,0.0
japan,1964Q4,0.0,1.0,1.1,1.1,0.0,0.0
japan,1965Q1,0.0,1.0,1.1333333333333335,1.1333333333333335,0.0,0.0
japan,1965Q2,0.0788751421701146,1.068322216234302,1.2333333333333334,1.1544581911632188,0.0,0.0
japan,1965Q3,0.1156626472602742,1.1004884824988925,1.2666666666666666,1.1510040194063924,0.0,0.0
japan,1965Q4,0.15124748509168717,1.1316623756020756,1.3,1.1487525149083129,0.0,0.0
japan,1966Q1,0.21896298899768651,1.1907835561199969,1.3666666666666665,1.14770367766898,0.0,0.0
japan,1966Q2,0.18547582564493936,1.1615843642635215,1.3333333333333333,1.147857507688394,0.0,0.0
japan,1966Q3,0.15078599503344514,1.1312079337545433,1.3,1.149214004966555,0.0,0.0
japan,1966Q4,0.11489349716320407,1.0997535801365605,1.2666666666666666,1.1517731695034625,0.0,0.0
japan,1967Q1,0.1444649987008828,1.1250200111104096,1.3,1.1555350012991172,0.0,0.0
japan,1967Q2,0.10616716631314826,1.0914840258705902,1.2666666666666666,1.1604995003535183,0.0,0.0
japan,1967Q3,0.0,1.0,1.1666666666666667,1.1666666666666667,1.0,0.0
japan,1967Q4,0.09263016642810484,1.0788988812607467,1.2666666666666666,1.1740365002385618,0.0,0.0
japan,1968Q1,0.08405766559746275,1.0710781547590673,1.2666666666666666,1.1826090010692039,0.0,0.0
japan,1968Q2,0.0,1.0,1.1666666666666667,1.1666666666666667,0.0,0.0
japan,1968Q3,0.0,1.0,1.2,1.2,0.0,0.0
japan,1968Q4,0.0,1.0,1.0666666666666667,1.0666666666666667,0.0,0.0
japan,1969Q1,0.0,1.0,1.1333333333333335,1.1333333333333335,0.0,0.0
japan,1969Q2,0.0,1.0,1.2,1.2,0.0,0.0
japan,1969Q3,0.0,1.0,1.1333333333333335,1.1333333333333335,0.0,0.0
japan,1969Q4,0.0,1.0,1.0666666666666667,1.0666666666666667,0.0,0.0
japan,1970Q1,0.0,1.0,1.0666666666666667,1.0666666666666667,0.0,0.0
japan,1970Q2,0.0,1.0,1.1333333333333335,1.1333333333333335,0.0,0.0
japan,1970Q3,0.0,1.0,1.2333333333333334,1.2333333333333334,0.0,0.0
japan,1970Q4,0.0,1.0,1.2666666666666666,1.2666666666666666,0.0,0.0
japan,1971Q1,0.0,1.0,1.1666666666666667,1.1666666666666667,0.0,0.0
japan,1971Q2,0.0,1.0,1.2,1.2,0.0,0.0
japan,1971Q3,0.0,1.0,1.2333333333333334,1.2333333333333334,0.0,0.0
japan,1971Q4,0.0,1.0,1.3333333333333333,1.3333333333333333,0.0,0.0
japan,1972Q1,0.0,1.0,1.3999999999999997,1.3999999999999997,0.0,0.0
japan,1972Q2,0.0,1.0,1.3999999999999997,1.3999999999999997,0.0,0.0
japan,1972Q3,0.0,1.0,1.4333333333333333,1.4333333333333333,0.0,0.0
japan,1972Q4,0.0,1.0,1.3999999999999997,1.3999999999999997,0.0,0.0
japan,1973Q1,0.0,1.0,1.2333333333333334,1.2333333333333334,0.0,0.0
japan,1973Q2,0.0,1.0,1.3666666666666665,1.3666666666666665,0.0,0.0
japan,1973Q3,0.0,1.0,1.2666666666666666,1.2666666666666666,0.0,0.0
japan,1973Q4,0.0,1.0,1.1333333333333335,1.1333333333333335,0.0,0.0
japan,1974Q1,0.0,1.0,1.3,1.3,0.0,0.0
japan,1974Q2,0.0,1.0,1.3,1.3,0.0,0.0
japan,1974Q3,0.0,1.0,1.4000000000000001,1.4000000000000001,0.0,0.0
japan,1974Q4,0.0,1.0,1.5999999999999999,1.5999999999999999,0.0,0.0
japan,1975Q1,0.0,1.0,1.7666666666666666,1.7666666666666666,0.0,0.0
japan,1975Q2,0.0,1.0,1.8,1.8,0.0,0.0
japan,1975Q3,0.0,1.0,1.9000000000000001,1.9000000000000001,0.0,0.0
japan,1975Q4,0.055120512842461444,1.0269553845048742,2.1,2.0448794871575386,0.0,0.0
japan,1976Q1,0.0,1.0,2.033333333333333,2.033333333333333,0.0,0.0
japan,1976Q2,0.0,1.0,2.066666666666667,2.066666666666667,0.0,0.0
japan,1976Q3,0.0,1.0,2.0,2.0,0.0,0.0
japan,1976Q4,0.0,1.0,1.9333333333333333,1.9333333333333333,0.0,0.0
japan,1977Q1,0.0,1.0,1.9666666666666668,1.9666666666666668,0.0,0.0
japan,1977Q2,0.0,1.0,2.033333333333333,2.033333333333333,0.0,0.0
japan,1977Q3,0.0,1.0,2.033333333333333,2.033333333333333,0.0,0.0
japan,1977Q4,0.0,1.0,2.0,2.0,0.0,0.0
japan,1978Q1,0.0,1.0,2.1666666666666665,2.1666666666666665,0.0,0.0
japan,1978Q2,0.0,1.0,2.2666666666666666,2.2666666666666666,0.0,0.0
japan,1978Q3,0.0,1.0,2.3000000000000003,2.3000000000000003,0.0,0.0
japan,1978Q4,0.0,1.0,2.2,2.2,0.0,0.0
japan,1979Q1,0.0,1.0,2.1,2.1,0.0,0.0
japan,1979Q2,0.0,1.0,2.033333333333333,2.033333333333333,0.0,0.0
japan,1979Q3,0.0,1.0,2.1333333333333333,2.1333333333333333,0.0,0.0
japan,1979Q4,0.0,1.0,2.066666666666667,2.066666666666667,0.0,0.0
japan,1980Q1,0.0,1.0,1.8999999999999997,1.8999999999999997,0.0,0.0
japan,1980Q2,0.0,1.0,1.9666666666666668,1.9666666666666668,0.0,0.0
japan,1980Q3,0.0,1.0,2.033333333333333,2.033333333333333,0.0,0.0
japan,1980Q4,0.0,1.0,2.1666666666666665,2.1666666666666665,0.0,0.0
japan,1981Q1,0.0,1.0,2.1999999999999997,2.1999999999999997,0.0,0.0
japan,1981Q2,0.0,1.0,2.2666666666666666,2.2666666666666666,0.0,0.0
japan,1981Q3,0.0,1.0,2.1666666666666665,2.1666666666666665,0.0,0.0
japan,1981Q4,0.0,1.0,2.2,2.2,0.0,0.0
japan,1982Q1,0.0,1.0,2.2333333333333334,2.2333333333333334,0.0,0.0
japan,1982Q2,0.0,1.0,2.3333333333333335,2.3333333333333335,0.0,0.0
japan,1982Q3,0.0,1.0,2.3666666666666667,2.3666666666666667,0.0,0.0
japan,1982Q4,0.0,1.0,2.466666666666667,2.466666666666667,0.0,0.0
japan,1983Q1,0.0,1.0,2.6666666666666665,2.6666666666666665,0.0,1.0
japan,1983Q2,0.0,1.0,2.6666666666666665,2.6666666666666665,0.0,0.0
japan,1983Q3,0.0,1.0,2.6999999999999997,2.6999999999999997,0.0,0.0
japan,1983Q4,0.0,1.0,2.6,2.6,0.0,0.0
japan,1984Q1,0.0,1.0,2.7000000000000006,2.7000000000000006,0.0,0.0
japan,1984Q2,0.0377451817862835,1.014002577420672,2.733333333333333,2.6955881515470494,0.0,0.0
japan,1984Q3,0.051269785975586846,1.0191157983658126,2.733333333333333,2.682063547357746,0.0,0.0
japan,1984Q4,0.0,1.0,2.6666666666666665,2.6666666666666665,1.0,0.0
japan,1985Q1,0.0,1.0,2.566666666666667,2.566666666666667,0.0,0.0
japan,1985Q2,0.0,1.0,2.566666666666667,2.566666666666667,0.0,0.0
japan,1985Q3,0.0,1.0,2.6,2.6,0.0,0.0
japan,1985Q4,0.18031028778207103,1.0697159483720617,2.766666666666667,2.586356378884596,0.0,0.0
japan,1986Q1,0.10506855098202772,1.0410167974198192,2.6666666666666665,2.561598115684639,0.0,0.0
japan,1986Q2,0.23169909068375993,1.0914012048433879,2.766666666666667,2.534967575982907,0.0,0.0
japan,1986Q3,0.3268685735539334,1.1304102011722286,2.8333333333333335,2.5064647597794,0.0,0.0
japan,1986Q4,0.32391033292588345,1.1308152678124268,2.8000000000000003,2.476089667074117,0.0,1.0
japan,1987Q1,0.48949103546627537,1.2002956720625935,2.9333333333333336,2.443842297867058,0.0,0.0
japan,1987Q2,0.5902773478417753,1.244956550212575,3.0,2.4097226521582247,0.0,0.0
japan,1987Q3,0.39293593671905214,1.1655351770787092,2.766666666666667,2.373730729947615,0.0,0.0
japan,1987Q4,0.3636214147564818,1.1556346291877102,2.7000000000000006,2.336378585243519,0.0,0.0
japan,1988Q1,0.3659281245709969,1.1590481134104376,2.6666666666666665,2.3007385420956696,0.0,0.0
japan,1988Q2,0.19934401215430952,1.0879204429760276,2.466666666666667,2.2673226545123573,0.0,0.0
japan,1988Q3,0.2972024108397524,1.1329092173674395,2.533333333333333,2.236130922493581,0.0,0.0
japan,1988Q4,0.19283665396065963,1.0873685467397312,2.4,2.2071633460393403,0.0,0.0
japan,1989Q1,0.1529134081836978,1.0701302562960224,2.3333333333333335,2.1804199251496357,0.0,0.0
japan,1989Q2,0.14409934017553327,1.066839508359938,2.3000000000000003,2.155900659824467,0.0,0.0
japan,1989Q3,0.0663944499361655,1.0311184276466563,2.2,2.1336055500638347,0.0,0.0
japan,1989Q4,0.05313207079892779,1.0251389643220454,2.1666666666666665,2.1135345958677387,0.0,0.0
japan,1990Q1,0.0376455360971546,1.0179633322037767,2.1333333333333333,2.0956877972361787,0.0,0.0
japan,1990Q2,0.0532681791641787,1.025608899345009,2.1333333333333333,2.0800651541691546,0.0,0.0
japan,1990Q3,0.0,1.0,2.066666666666667,2.066666666666667,1.0,0.0
japan,1990Q4,0.011174331937951365,1.0054363286834762,2.066666666666667,2.0554923347287155,0.0,0.0
japan,1991Q1,0.05345784164470091,1.0261210556677036,2.1,2.046542158355299,0.0,0.0
japan,1991Q2,0.06018386245358043,1.0295045525651993,2.1,2.0398161375464197,0.0,0.0
japan,1991Q3,0.06468572769792358,1.0317816902176782,2.1,2.0353142723020765,0.0,0.0
japan,1991Q4,0.03363010404439759,1.016541809755266,2.066666666666667,2.0330365626222693,0.0,0.0
japan,1992Q1,0.033683658159668894,1.0165685881380808,2.066666666666667,2.032983008506998,0.0,0.0
japan,1992Q2,0.06484639004373749,1.0318631427753167,2.1,2.0351536099562626,0.0,0.0
japan,1992Q3,0.1271182996966025,1.0623266904356126,2.1666666666666665,2.039548366970064,0.0,0.0
japan,1992Q4,0.22049938711826567,1.1077621508867697,2.2666666666666666,2.046167279548401,0.0,0.0
japan,1993Q1,0.24498965230872605,1.1192157755234482,2.3,2.0550103476912738,0.0,0.0
japan,1993Q2,0.36725576193465015,1.1777550693249272,2.433333333333333,2.066077571398683,0.0,0.0
japan,1993Q3,0.45396438266270467,1.2183183424549522,2.533333333333333,2.0793689506706285,0.0,0.0
japan,1993Q4,0.6384488478262229,1.304765657602201,2.733333333333333,2.09488448550711,0.0,0.0
japan,1994Q1,0.7540424907585392,1.356922210470496,2.8666666666666667,2.1126241759081275,0.0,0.0
japan,1994Q2,0.6674119781263181,1.312958701484187,2.7999999999999994,2.1325880218736812,0.0,0.0
japan,1994Q3,0.8118906432628958,1.376786558994842,2.966666666666667,2.154776023403771,0.0,0.0
japan,1994Q4,0.7541451528349365,1.346067016875274,2.9333333333333336,2.179188180498397,0.0,0.0
japan,1995Q1,0.8275088401757742,1.3751471809034204,3.033333333333333,2.205824493157559,0.0,0.0
japan,1995Q2,0.831981705285409,1.3723038010562176,3.0666666666666664,2.2346849613812574,0.0,0.0
japan,1995Q3,0.9008970814971753,1.3976119581593658,3.1666666666666665,2.2657695851694912,0.0,0.0
japan,1995Q4,1.0342549688110716,1.4498563358130618,3.3333333333333335,2.299078364522262,0.0,0.0
japan,1996Q1,1.0320553672270987,1.4420673229307368,3.3666666666666667,2.334611299439568,0.0,0.0
japan,1996Q2,1.0276316100785894,1.4331669627888743,3.4,2.3723683899214105,0.0,0.0
japan,1996Q3,0.9209836973655441,1.3817786956060631,3.3333333333333335,2.4123496359677894,0.0,0.0
japan,1996Q4,0.912111629087963,1.3715995832742522,3.3666666666666667,2.4545550375787037,0.0,0.0
japan,1997Q1,0.834348738579179,1.3338751028440257,3.3333333333333335,2.4989845947541545,0.0,0.0
japan,1997Q2,0.7876950258391919,1.309429278904346,3.3333333333333335,2.5456383074941416,0.0,0.0
japan,1997Q3,0.8388171575346695,1.3233038843076237,3.4333333333333336,2.594516175798664,0.0,0.0
japan,1997Q4,0.8543818003322765,1.3229422145794063,3.5,2.6456181996677235,0.0,0.0
japan,1998Q1,0.9677222875653477,1.3585558468928416,3.6666666666666665,2.698944379101319,0.0,0.0
japan,1998Q2,1.3121719525672164,1.476374830509056,4.066666666666666,2.75449471409945,0.0,0.0
japan,1998Q3,1.4543974620045494,1.517161536169255,4.266666666666667,2.812269204662117,0.0,0.0
japan,1998Q4,1.5277321492106783,1.5318905577663469,4.3999999999999995,2.872267850789321,0.0,0.0
japan,1999Q1,1.6674376987078214,1.5685941260218397,4.6000000000000005,2.932562301292179,0.0,0.0
japan,1999Q2,1.7421091283515224,1.582406736830386,4.733333333333333,2.991224204981811,0.0,0.0
japan,1999Q3,1.6517464381417843,1.5418664834217004,4.7,3.048253561858216,0.0,0.0
japan,1999Q4,1.5296829614119378,1.4928657477823277,4.633333333333333,3.103650371921395,0.0,0.0
japan,2000Q1,1.6759186981619871,1.530788284659686,4.833333333333333,3.157414635171346,0.0,0.0
japan,2000Q2,1.4904536483919286,1.464381406314687,4.7,3.2095463516080716,0.0,0.0
japan,2000Q3,1.4066211454350963,1.4314728540672974,4.666666666666667,3.2600455212315707,0.0,0.0
japan,2000Q4,1.424421189291491,1.4304802083840031,4.733333333333333,3.3089121440418423,0.0,0.0
japan,2001Q1,1.4105204466277788,1.4202797953813333,4.766666666666667,3.356146220038888,0.0,0.0
japan,2001Q2,1.498252250777293,1.4404360232529414,4.8999999999999995,3.4017477492227064,0.0,0.0
japan,2001Q3,1.687616601740034,1.489772297956623,5.133333333333333,3.445716731593299,0.0,0.0
japan,2001Q4,1.878613499516002,1.5385851102294439,5.366666666666667,3.488053167150665,0.0,1.0
japan,2002Q1,1.737909610771863,1.492499082040425,5.266666666666667,3.5287570558948036,0.0,0.0
japan,2002Q2,1.832171602174283,1.513525707483811,5.3999999999999995,3.5678283978257164,0.0,0.0
japan,2002Q3,1.8280661403899314,1.507054274359473,5.433333333333334,3.605267192943402,0.0,0.0
japan,2002Q4,1.6922598920854717,1.4647695025633716,5.333333333333333,3.6410734412478614,0.0,0.0
japan,2003Q1,1.658086190594239,1.4511495761230626,5.333333333333333,3.675247142739094,0.0,0.0
japan,2003Q2,1.7255450359162334,1.4653839155591146,5.433333333333334,3.7077882974171,0.0,0.0
japan,2003Q3,1.4279697613847873,1.3819431736676513,5.166666666666667,3.7386969052818797,0.0,0.0
japan,2003Q4,1.2653603669999,1.3358199165189888,5.033333333333333,3.767972966333433,0.0,0.0
japan,2004Q1,1.1043835194282403,1.2909628844434462,4.8999999999999995,3.795616480571759,0.0,0.0
japan,2004Q2,0.9117058853364748,1.2385648255206965,4.733333333333333,3.8216274479968586,0.0,0.0
japan,2004Q3,0.9206607980579342,1.2393810174790443,4.766666666666667,3.8460058686087324,0.0,0.0
japan,2004Q4,0.6645815909259545,1.1717819170563812,4.533333333333333,3.8687517424073787,0.0,0.0
japan,2005Q1,0.6434682639405351,1.1654217440609012,4.533333333333333,3.889865069392798,0.0,0.0
japan,2005Q2,0.5239874837683418,1.1340345684244457,4.433333333333334,3.9093458495649918,0.0,0.0
japan,2005Q3,0.3728059170760414,1.0949293335659316,4.3,3.9271940829239584,0.0,0.0
japan,2005Q4,0.489923563863635,1.1242385631989542,4.433333333333334,3.9434097694696986,0.0,0.0
japan,2006Q1,0.24200709079778715,1.0611438919547147,4.2,3.957992909202213,0.0,0.0
japan,2006Q2,0.1623898312118337,1.0408945206913862,4.133333333333333,3.970943502121499,0.0,0.0
japan,2006Q3,0.11773845177243958,1.0295657254920494,4.1,3.98226154822756,0.0,0.0
japan,2006Q4,0.04138628581293924,1.0103674435858678,4.033333333333333,3.991947047520394,0.0,0.0
japan,2007Q1,0.0,1.0,4.0,4.0,1.0,0.0
japan,2007Q2,0.0,1.0,3.766666666666667,3.766666666666667,0.0,0.0
japan,2007Q3,0.0,1.0,3.733333333333333,3.733333333333333,0.0,0.0
japan,2007Q4,0.0,1.0,3.8333333333333335,3.8333333333333335,0.0,0.0
japan,2008Q1,0.0,1.0,3.9,3.9,0.0,0.0
japan,2008Q2,0.0,1.0,3.966666666666667,3.966666666666667,0.0,0.0
japan,2008Q3,0.0,1.0,4.0,4.0,0.0,0.0
japan,2008Q4,0.05600731007976023,1.0139646140696983,4.066666666666666,4.010659356586906,0.0,0.0
japan,2009Q1,0.5610147321059662,1.1400557864914673,4.566666666666666,4.0056519345607,0.0,0.0
japan,2009Q2,1.1009880342787328,1.2753150137374387,5.1000000000000005,3.9990119657212677,0.0,0.0
japan,2009Q3,1.442593883264724,1.3614853591205818,5.433333333333334,3.9907394500686095,0.0,1.0
japan,2009Q4,1.2191656123972763,1.3062588125228347,5.2,3.980834387602724,0.0,0.0
japan,2010Q1,1.0640365550097215,1.2680667670959855,5.033333333333333,3.9692967783236117,0.0,0.0
japan,2010Q2,1.1772067111020594,1.2975654784371158,5.133333333333333,3.9561266222312734,0.0,0.0
japan,2010Q3,1.1253427473409587,1.2855240448071281,5.066666666666666,3.9413239193257077,0.0,0.0
japan,2010Q4,1.0751113303930837,1.2739214843769715,5.0,3.9248886696069163,0.0,0.0
japan,2011Q1,0.8265124602584355,1.2115562722505682,4.733333333333333,3.906820873074898,0.0,0.0
japan,2011Q2,0.7795461369370145,1.2005459133502174,4.666666666666667,3.8871205297296525,0.0,0.0
japan,2011Q3,0.6008790270954854,1.155435084158461,4.466666666666667,3.8657876395711814,0.0,0.0
japan,2011Q4,0.6238444640671839,1.162340184160793,4.466666666666667,3.842822202599483,0.0,0.0
japan,2012Q1,0.6817757811854417,1.1785583407663556,4.5,3.8182242188145583,0.0,0.0
japan,2012Q2,0.6080063117835928,1.1603394841275627,4.3999999999999995,3.7919936882164067,0.0,0.0
japan,2012Q3,0.46920272252830486,1.1246510206583817,4.233333333333333,3.7641306108050285,0.0,0.0
japan,2012Q4,0.43203168008624226,1.1156824379460513,4.166666666666667,3.7346349865804247,0.0,0.0
japan,2013Q1,0.49649318445740676,1.134060286421983,4.2,3.7035068155425934,0.0,0.0
japan,2013Q2,0.3625872356417972,1.0987775307776861,4.033333333333333,3.670746097691536,0.0,0.0
japan,2013Q3,0.2969805003060815,1.0816698802186493,3.933333333333333,3.6363528330272517,0.0,0.0
japan,2013Q4,0.2663396451169264,1.0739765147784497,3.8666666666666667,3.6003270215497403,0.0,0.0
japan,2014Q1,0.10399800340766419,1.0291910399864495,3.6666666666666665,3.5626686632590023,0.0,0.0
japan,2014Q2,0.10995557517829457,1.0312074329594085,3.6333333333333333,3.5233777581550387,0.0,0.0
japan,2014Q3,0.0842123604288183,1.024181899609702,3.5666666666666664,3.482454306237848,0.0,0.0
japan,2014Q4,0.026768359159236255,1.0077817297973068,3.466666666666667,3.4398983075074305,0.0,0.0
japan,2015Q1,0.10429023803621362,1.0307123533360816,3.5,3.3957097619637864,0.0,0.0
japan,2015Q2,0.016777997059750582,1.005008523779305,3.3666666666666667,3.349888669606916,0.0,0.0
japan,2015Q3,0.06423163622984829,1.0194497804310634,3.3666666666666667,3.3024350304368184,0.0,0.0
japan,2015Q4,0.01331782221317157,1.004093573376208,3.266666666666667,3.2533488444534955,0.0,0.0
japan,2016Q1,0.030703221676387837,1.0095868772246392,3.233333333333333,3.202630111656945,0.0,0.0
japan,2016Q2,0.01638783461949833,1.0052020267072197,3.1666666666666665,3.150278832047168,0.0,0.0
japan,2016Q3,0.0,1.0,3.033333333333333,3.033333333333333,0.0,0.0
japan,2016Q4,0.0,1.0,3.0,3.0,0.0,0.0
japan,2017Q1,0.0,1.0,2.9,2.9,0.0,0.0
japan,2017Q2,0.0,1.0,2.8666666666666667,2.8666666666666667,0.0,0.0
japan,2017Q3,0.0,1.0,2.7999999999999994,2.7999999999999994,0.0,0.0
japan,2017Q4,0.0,1.0,2.7000000000000006,2.7000000000000006,0.0,0.0
japan,2018Q1,0.0,1.0,2.466666666666667,2.466666666666667,0.0,0.0
japan,2018Q2,0.0,1.0,2.3666666666666667,2.3666666666666667,0.0,0.0
japan,2018Q3,0.0,1.0,2.433333333333333,2.433333333333333,0.0,0.0
japan,2018Q4,0.0,1.0,2.466666666666667,2.466666666666667,0.0,0.0
japan,2019Q1,0.0,1.0,2.466666666666667,2.466666666666667,1.0,0.0
japan,2019Q2,0.0,1.0,2.3333333333333335,2.3333333333333335,0.0,0.0
japan,2019Q3,0.0,1.0,2.3333333333333335,2.3333333333333335,0.0,0.0
japan,2019Q4,0.0,1.0,2.3000000000000003,2.3000000000000003,0.0,0.0
japan,2020Q1,0.09444444444444455,1.0403800475059384,2.433333333333333,2.3388888888888886,0.0,0.0
japan,2020Q2,0.42638888888888893,1.1848284166164962,2.733333333333333,2.306944444444444,0.0,0.0
japan,2020Q3,0.6916666666666673,1.3040293040293043,2.966666666666667,2.2749999999999995,0.0,1.0
japan,2020Q4,0.8236111111111115,1.3671826625387,3.0666666666666664,2.243055555555555,0.0,0.0
japan,2021Q1,0.6555555555555563,1.296482412060302,2.8666666666666667,2.2111111111111104,0.0,0.0
japan,2021Q2,0.7208333333333341,1.330783938814532,2.9,2.179166666666666,0.0,0.0
japan,2021Q3,0.6194444444444458,1.2884864165588623,2.766666666666667,2.1472222222222213,0.0,0.0
japan,2021Q4,0.6180555555555562,1.2921864740643472,2.733333333333333,2.1152777777777767,0.0,0.0
japan,2022Q1,0.6166666666666676,1.2960000000000007,2.6999999999999997,2.083333333333332,0.0,0.0
japan,2022Q2,0.5486111111111125,1.2674339878131355,2.6,2.0513888888888876,0.0,0.0
japan,2022Q3,0.5138888888888902,1.2544704264099045,2.533333333333333,2.019444444444443,0.0,0.0
japan,2022Q4,0.5458333333333347,1.2746331236897284,2.533333333333333,1.9874999999999985,0.0,0.0
japan,2023Q1,0.6444444444444462,1.3295454545454557,2.6,1.955555555555554,0.0,0.0
japan,2023Q2,0.6097222222222238,1.316967509025272,2.533333333333333,1.9236111111111094,0.0,0.0
japan,2023Q3,0.7083333333333353,1.3744493392070498,2.6,1.8916666666666648,0.0,0.0
japan,2023Q4,0.6736111111111129,1.362210604929053,2.533333333333333,1.8597222222222203,0.0,0.0
japan,2024Q1,0.7388888888888911,1.4042553191489378,2.566666666666667,1.8277777777777757,0.0,0.0
japan,2024Q2,0.7708333333333357,1.4292343387471016,2.566666666666667,1.7958333333333312,0.0,0.0
japan,2024Q3,0.7694444444444466,1.4362204724409466,2.533333333333333,1.7638888888888866,0.0,0.0
japan,2024Q4,0.7680555555555579,1.4434643143544528,2.5,1.731944444444442,0.0,0.0
japan,2025Q1,0.7666666666666693,1.450980392156865,2.466666666666667,1.6999999999999975,0.0,0.0
japan,2025Q2,0.831944444444447,1.4987510407993363,2.5,1.668055555555553,0.0,0.0
japan,2025Q3,0.8972222222222248,1.548387096774196,2.533333333333333,1.6361111111111084,0.0,0.0
japan,2025Q4,0.9958333333333362,1.6207792207792238,2.6,1.6041666666666639,0.0,0.0
japan,2026Q1,1.0944444444444472,1.69611307420495,2.6666666666666665,1.5722222222222193,0.0,0.0
japan,2026Q2,0.9597222222222253,1.6230838593327355,2.5,1.5402777777777747,0.0,0.0
korea,1990Q1,2.4333333333333336,inf,2.4333333333333336,0.0,0.0,0.0
korea,1990Q2,2.3000000000000003,inf,2.3000000000000003,0.0,0.0,0.0
korea,1990Q3,2.533333333333333,inf,2.533333333333333,0.0,0.0,0.0
korea,1990Q4,2.566666666666667,inf,2.566666666666667,0.0,0.0,0.0
korea,1991Q1,2.5,inf,2.5,0.0,0.0,0.0
korea,1991Q2,2.3,inf,2.3,0.0,0.0,0.0
korea,1991Q3,2.4,inf,2.4,0.0,0.0,0.0
korea,1991Q4,2.466666666666667,inf,2.466666666666667,0.0,0.0,0.0
korea,1992Q1,2.3979166666666667,1152.0000000001269,2.4,0.002083333333333104,0.0,0.0
korea,1992Q2,2.15,8.588235294117652,2.433333333333333,0.28333333333333316,0.0,0.0
korea,1992Q3,2.0020833333333337,4.546125461254614,2.566666666666667,0.5645833333333332,0.0,0.0
korea,1992Q4,1.7541666666666669,3.0738916256157642,2.6,0.8458333333333332,0.0,0.0
korea,1993Q1,1.7062500000000003,2.513863216266174,2.8333333333333335,1.1270833333333332,0.0,0.0
korea,1993Q2,1.5916666666666668,2.1301775147928996,3.0,1.4083333333333332,0.0,0.0
korea,1993Q3,1.2104166666666667,1.716399506781751,2.9,1.6895833333333332,0.0,0.0
korea,1993Q4,0.8625000000000003,1.437632135306554,2.8333333333333335,1.9708333333333332,0.0,0.0
korea,1994Q1,0.4479166666666674,1.1988899167437561,2.7000000000000006,2.252083333333333,0.0,0.0
korea,1994Q2,0.0,1.0,2.533333333333333,2.533333333333333,1.0,0.0
korea,1994Q3,0.0,1.0,2.433333333333333,2.433333333333333,0.0,0.0
korea,1994Q4,0.0,1.0,2.2333333333333334,2.2333333333333334,0.0,0.0
korea,1995Q1,0.0,1.0,2.1333333333333333,2.1333333333333333,0.0,0.0
korea,1995Q2,0.0,1.0,2.033333333333333,2.033333333333333,0.0,0.0
korea,1995Q3,0.0,1.0,2.1,2.1,0.0,0.0
korea,1995Q4,0.0,1.0,2.033333333333333,2.033333333333333,0.0,0.0
korea,1996Q1,0.0,1.0,1.9333333333333333,1.9333333333333333,0.0,0.0
korea,1996Q2,0.0,1.0,2.033333333333333,2.033333333333333,0.0,0.0
korea,1996Q3,0.0,1.0,2.033333333333333,2.033333333333333,0.0,0.0
korea,1996Q4,0.0,1.0,2.1999999999999997,2.1999999999999997,0.0,0.0
korea,1997Q1,0.0,1.0,2.6666666666666665,2.6666666666666665,0.0,0.0
korea,1997Q2,0.0,1.0,2.566666666666667,2.566666666666667,0.0,0.0
korea,1997Q3,0.0,1.0,2.433333333333333,2.433333333333333,0.0,0.0
korea,1997Q4,0.0,1.0,2.8000000000000003,2.8000000000000003,0.0,0.0
korea,1998Q1,0.0,1.0,4.966666666666666,4.966666666666666,0.0,1.0
korea,1998Q2,0.0,1.0,7.033333333333334,7.033333333333334,1.0,0.0
korea,1998Q3,1.068634259259257,1.1512639460017362,8.133333333333333,7.064699074074076,0.0,1.0
korea,1998Q4,0.8999999999999977,1.1273584905660374,7.966666666666666,7.066666666666668,0.0,0.0
korea,1999Q1,0.36076388888888733,1.0512504316085431,7.3999999999999995,7.039236111111112,0.0,0.0
korea,1999Q2,0.017592592592592382,1.0025195597400876,7.0,6.982407407407408,0.0,0.0
korea,1999Q3,0.0,1.0,6.3999999999999995,6.3999999999999995,0.0,0.0
korea,1999Q4,0.0,1.0,5.266666666666667,5.266666666666667,0.0,0.0
korea,2000Q1,0.0,1.0,4.766666666666667,4.766666666666667,0.0,0.0
korea,2000Q2,0.0,1.0,4.366666666666667,4.366666666666667,0.0,0.0
korea,2000Q3,0.0,1.0,4.266666666666667,4.266666666666667,0.0,0.0
korea,2000Q4,0.0,1.0,4.2,4.2,0.0,0.0
korea,2001Q1,0.0,1.0,4.566666666666666,4.566666666666666,0.0,0.0
korea,2001Q2,0.0,1.0,3.933333333333333,3.933333333333333,0.0,0.0
korea,2001Q3,0.0,1.0,3.733333333333333,3.733333333333333,0.0,0.0
korea,2001Q4,0.0,1.0,3.6333333333333333,3.6333333333333333,0.0,0.0
korea,2002Q1,0.0,1.0,3.5,3.5,0.0,0.0
korea,2002Q2,0.0,1.0,3.266666666666667,3.266666666666667,0.0,0.0
korea,2002Q3,0.0,1.0,3.1333333333333333,3.1333333333333333,0.0,0.0
korea,2002Q4,0.0,1.0,3.1,3.1,1.0,0.0
korea,2003Q1,0.45185185185185217,1.1568123393316196,3.3333333333333335,2.8814814814814813,0.0,0.0
korea,2003Q2,0.8703703703703702,1.3268428372739915,3.533333333333333,2.662962962962963,0.0,0.0
korea,2003Q3,1.1888888888888887,1.4863636363636363,3.6333333333333333,2.4444444444444446,0.0,0.0
korea,2003Q4,1.5407407407407407,1.6921797004991679,3.766666666666667,2.2259259259259263,0.0,0.0
korea,2004Q1,1.5925925925925921,1.7933579335793353,3.6,2.007407407407408,0.0,0.0
korea,2004Q2,1.8111111111111107,2.0124223602484466,3.6,1.7888888888888894,0.0,0.0
korea,2004Q3,2.0962962962962957,2.3349056603773577,3.6666666666666665,1.5703703703703709,0.0,0.0
korea,2004Q4,2.3814814814814804,2.7616438356164372,3.733333333333333,1.3518518518518523,0.0,0.0
korea,2005Q1,2.6333333333333333,3.323529411764705,3.766666666666667,1.1333333333333337,0.0,0.0
korea,2005Q2,2.818518518518518,4.080971659919026,3.733333333333333,0.9148148148148152,0.0,0.0
korea,2005Q3,3.0370370370370363,5.361702127659571,3.733333333333333,0.6962962962962966,0.0,0.0
korea,2005Q4,3.188888888888888,7.674418604651158,3.6666666666666665,0.4777777777777781,0.0,0.0
korea,2006Q1,3.2740740740740737,13.628571428571414,3.533333333333333,0.2592592592592595,0.0,0.0
korea,2006Q2,3.4259259259259256,85.09090909090862,3.466666666666667,0.040740740740740966,0.0,0.0
korea,2006Q3,3.5,inf,3.5,0.0,0.0,0.0
korea,2006Q4,3.5,inf,3.5,0.0,0.0,0.0
korea,2007Q1,3.266666666666667,inf,3.266666666666667,0.0,0.0,0.0
korea,2007Q2,3.266666666666667,inf,3.266666666666667,0.0,0.0,0.0
korea,2007Q3,3.233333333333333,inf,3.233333333333333,0.0,0.0,0.0
korea,2007Q4,3.1999999999999997,inf,3.1999999999999997,0.0,0.0,0.0
korea,2008Q1,3.0,inf,3.0,0.0,0.0,0.0
korea,2008Q2,3.1333333333333333,inf,3.1333333333333333,0.0,0.0,0.0
korea,2008Q3,3.1999999999999997,inf,3.1999999999999997,0.0,0.0,0.0
korea,2008Q4,3.3666666666666667,inf,3.3666666666666667,0.0,0.0,0.0
korea,2009Q1,3.3666666666666667,inf,3.3666666666666667,0.0,0.0,0.0
korea,2009Q2,3.8333333333333335,inf,3.8333333333333335,0.0,0.0,0.0
korea,2009Q3,3.766666666666667,inf,3.766666666666667,0.0,0.0,0.0
korea,2009Q4,3.6333333333333333,inf,3.6333333333333333,0.0,0.0,0.0
korea,2010Q1,4.1000000000000005,inf,4.1000000000000005,0.0,0.0,0.0
korea,2010Q2,3.466666666666667,inf,3.466666666666667,0.0,0.0,0.0
korea,2010Q3,3.6666666666666665,inf,3.6666666666666665,0.0,0.0,0.0
korea,2010Q4,3.5666666666666664,inf,3.5666666666666664,0.0,0.0,0.0
korea,2011Q1,3.6333333333333333,inf,3.6333333333333333,0.0,0.0,0.0
korea,2011Q2,3.3666666666666667,inf,3.3666666666666667,0.0,0.0,0.0
korea,2011Q3,3.3000000000000003,inf,3.3000000000000003,0.0,0.0,0.0
korea,2011Q4,3.266666666666667,inf,3.266666666666667,0.0,0.0,0.0
korea,2012Q1,3.2999999999999994,inf,3.2999999999999994,0.0,0.0,0.0
korea,2012Q2,3.233333333333333,inf,3.233333333333333,0.0,0.0,0.0
korea,2012Q3,3.2000000000000006,inf,3.2000000000000006,0.0,0.0,0.0
korea,2012Q4,3.1666666666666665,inf,3.1666666666666665,0.0,0.0,0.0
korea,2013Q1,3.1,inf,3.1,0.0,0.0,0.0
korea,2013Q2,3.0666666666666664,inf,3.0666666666666664,0.0,0.0,0.0
korea,2013Q3,3.1333333333333333,inf,3.1333333333333333,0.0,0.0,0.0
korea,2013Q4,3.1666666666666665,inf,3.1666666666666665,0.0,0.0,0.0
korea,2014Q1,3.4,inf,3.4,0.0,0.0,0.0
korea,2014Q2,3.533333333333333,inf,3.533333333333333,0.0,0.0,0.0
korea,2014Q3,3.5,inf,3.5,0.0,0.0,0.0
korea,2014Q4,3.6333333333333333,inf,3.6333333333333333,0.0,0.0,0.0
korea,2015Q1,3.533333333333333,inf,3.533333333333333,0.0,0.0,0.0
korea,2015Q2,3.6666666666666665,inf,3.6666666666666665,0.0,0.0,0.0
korea,2015Q3,3.6333333333333333,inf,3.6333333333333333,0.0,0.0,0.0
korea,2015Q4,3.533333333333333,inf,3.533333333333333,0.0,0.0,0.0
korea,2016Q1,3.6999999999999997,inf,3.6999999999999997,0.0,0.0,0.0
korea,2016Q2,3.5666666666666664,inf,3.5666666666666664,0.0,0.0,0.0
korea,2016Q3,3.8000000000000003,inf,3.8000000000000003,0.0,0.0,0.0
korea,2016Q4,3.6666666666666665,inf,3.6666666666666665,0.0,0.0,0.0
korea,2017Q1,3.6666666666666665,inf,3.6666666666666665,0.0,0.0,0.0
korea,2017Q2,3.6666666666666665,inf,3.6666666666666665,0.0,0.0,0.0
korea,2017Q3,3.766666666666667,inf,3.766666666666667,0.0,0.0,0.0
korea,2017Q4,3.6666666666666665,inf,3.6666666666666665,0.0,0.0,0.0
korea,2018Q1,3.6999999999999997,inf,3.6999999999999997,0.0,0.0,0.0
korea,2018Q2,3.733333333333333,inf,3.733333333333333,0.0,0.0,0.0
korea,2018Q3,4.166666666666667,inf,4.166666666666667,0.0,0.0,0.0
korea,2018Q4,3.8666666666666667,inf,3.8666666666666667,0.0,0.0,0.0
korea,2019Q1,3.8333333333333335,inf,3.8333333333333335,0.0,0.0,0.0
korea,2019Q2,3.9,inf,3.9,0.0,0.0,0.0
korea,2019Q3,3.733333333333333,inf,3.733333333333333,0.0,0.0,0.0
korea,2019Q4,3.5666666666666664,inf,3.5666666666666664,0.0,0.0,0.0
korea,2020Q1,3.5666666666666664,inf,3.5666666666666664,0.0,0.0,0.0
korea,2020Q2,4.133333333333334,inf,4.133333333333334,0.0,0.0,0.0
korea,2020Q3,4.1000000000000005,inf,4.1000000000000005,0.0,0.0,0.0
korea,2020Q4,4.166666666666667,inf,4.166666666666667,0.0,0.0,0.0
korea,2021Q1,4.233333333333333,inf,4.233333333333333,0.0,0.0,0.0
korea,2021Q2,3.766666666666667,inf,3.766666666666667,0.0,0.0,0.0
korea,2021Q3,3.266666666666667,inf,3.266666666666667,0.0,0.0,0.0
korea,2021Q4,3.1999999999999997,inf,3.1999999999999997,0.0,0.0,0.0
korea,2022Q1,2.966666666666667,inf,2.966666666666667,0.0,0.0,0.0
korea,2022Q2,2.8666666666666667,inf,2.8666666666666667,0.0,0.0,0.0
korea,2022Q3,2.9,inf,2.9,0.0,0.0,0.0
korea,2022Q4,2.8000000000000003,inf,2.8000000000000003,0.0,0.0,0.0
korea,2023Q1,2.7000000000000006,inf,2.7000000000000006,0.0,0.0,0.0
korea,2023Q2,2.566666666666667,inf,2.566666666666667,0.0,0.0,0.0
korea,2023Q3,2.8000000000000003,inf,2.8000000000000003,0.0,0.0,0.0
korea,2023Q4,2.733333333333333,inf,2.733333333333333,0.0,0.0,0.0
korea,2024Q1,2.766666666666667,inf,2.766666666666667,0.0,0.0,0.0
korea,2024Q2,2.7999999999999994,inf,2.7999999999999994,0.0,0.0,0.0
korea,2024Q3,2.6333333333333333,inf,2.6333333333333333,0.0,0.0,0.0
korea,2024Q4,2.9,inf,2.9,0.0,0.0,0.0
korea,2025Q1,2.7999999999999994,inf,2.7999999999999994,0.0,0.0,0.0
korea,2025Q2,2.7000000000000006,inf,2.7000000000000006,0.0,0.0,0.0
korea,2025Q3,2.733333333333333,inf,2.733333333333333,0.0,0.0,0.0
korea,2025Q4,2.9333333333333336,inf,2.9333333333333336,0.0,0.0,0.0
korea,2026Q1,2.8666666666666667,inf,2.8666666666666667,0.0,0.0,0.0
korea,2026Q2,2.8,inf,2.8,0.0,0.0,0.0
united_kingdom,1983Q1,0.0,1.0,10.766666666666666,10.766666666666666,0.0,0.0
united_kingdom,1983Q2,0.0,1.0,10.966666666666667,10.966666666666667,0.0,0.0
united_kingdom,1983Q3,0.0,1.0,10.9,10.9,0.0,0.0
united_kingdom,1983Q4,0.0,1.0,10.800000000000002,10.800000000000002,0.0,0.0
united_kingdom,1984Q1,0.0,1.0,10.733333333333334,10.733333333333334,0.0,0.0
united_kingdom,1984Q2,0.0,1.0,10.733333333333334,10.733333333333334,0.0,0.0
united_kingdom,1984Q3,0.0,1.0,10.933333333333332,10.933333333333332,0.0,0.0
united_kingdom,1984Q4,0.0,1.0,11.066666666666668,11.066666666666668,0.0,0.0
united_kingdom,1985Q1,0.0,1.0,11.199999999999998,11.199999999999998,0.0,0.0
united_kingdom,1985Q2,0.0,1.0,11.266666666666666,11.266666666666666,0.0,0.0
united_kingdom,1985Q3,0.0,1.0,11.199999999999998,11.199999999999998,0.0,0.0
united_kingdom,1985Q4,0.0833333333333286,1.0075187969924808,11.166666666666666,11.083333333333337,0.0,0.0
united_kingdom,1986Q1,0.32499999999999574,1.0299769408147574,11.166666666666666,10.84166666666667,0.0,0.0
united_kingdom,1986Q2,0.6999999999999993,1.0660377358490565,11.300000000000002,10.600000000000003,0.0,0.0
united_kingdom,1986Q3,0.9416666666666664,1.0909090909090908,11.300000000000002,10.358333333333336,0.0,0.0
united_kingdom,1986Q4,1.0833333333333286,1.107084019769357,11.199999999999998,10.116666666666669,0.0,0.0
united_kingdom,1987Q1,1.1249999999999982,1.1139240506329111,11.0,9.875000000000002,0.0,0.0
united_kingdom,1987Q2,0.9999999999999982,1.1038062283737022,10.633333333333333,9.633333333333335,0.0,0.0
united_kingdom,1987Q3,0.7416666666666654,1.0789707187222715,10.133333333333333,9.391666666666667,0.0,0.0
united_kingdom,1987Q4,0.4499999999999993,1.0491803278688523,9.6,9.15,0.0,0.0
united_kingdom,1988Q1,0.15833333333333321,1.0177736202057999,9.066666666666666,8.908333333333333,0.0,0.0
united_kingdom,1988Q2,0.0,1.0,8.666666666666666,8.666666666666666,1.0,0.0
united_kingdom,1988Q3,0.0,1.0,8.366666666666667,8.366666666666667,0.0,1.0
united_kingdom,1988Q4,0.0,1.0,7.866666666666667,7.866666666666667,0.0,0.0
united_kingdom,1989Q1,0.0,1.0,7.5,7.5,0.0,0.0
united_kingdom,1989Q2,0.0,1.0,7.1000000000000005,7.1000000000000005,0.0,0.0
united_kingdom,1989Q3,0.0,1.0,6.966666666666666,6.966666666666666,0.0,0.0
united_kingdom,1989Q4,0.0,1.0,6.8,6.8,0.0,0.0
united_kingdom,1990Q1,0.0,1.0,6.766666666666667,6.766666666666667,0.0,0.0
united_kingdom,1990Q2,0.0,1.0,6.733333333333333,6.733333333333333,1.0,0.0
united_kingdom,1990Q3,0.3006598180555615,1.0460240079888299,6.833333333333333,6.5326735152777715,0.0,0.0
united_kingdom,1990Q4,0.8255403364197686,1.1301882809812474,7.166666666666667,6.341126330246898,0.0,0.0
united_kingdom,1991Q1,1.607974888425951,1.2610903331949637,7.766666666666667,6.158691778240716,0.0,0.0
united_kingdom,1991Q2,2.4812968074074444,1.4145603138574534,8.466666666666667,5.985369859259222,0.0,0.0
united_kingdom,1991Q3,3.112172760030914,1.5346309762187746,8.933333333333334,5.82116057330242,0.0,0.0
united_kingdom,1991Q4,3.433936079629693,1.606053183989719,9.1,5.6660639203703065,0.0,0.0
united_kingdom,1992Q1,3.779920099537117,1.6847582222895277,9.3,5.520079900462884,0.0,0.0
united_kingdom,1992Q2,4.450124819753184,1.8266677407213399,9.833333333333334,5.38320851358015,0.0,0.0
united_kingdom,1992Q3,4.711216906944561,1.896444095622689,9.966666666666667,5.255449759722106,0.0,0.0
united_kingdom,1992Q4,5.229863027777915,2.0181162052184836,10.366666666666667,5.136803638888752,0.0,0.0
united_kingdom,1993Q1,5.606063182253246,2.115130680026974,10.633333333333333,5.027270151080087,0.0,1.0
united_kingdom,1993Q2,5.506484037037221,2.117648157246633,10.433333333333334,4.926849296296113,0.0,0.0
united_kingdom,1993Q3,5.431125592129839,2.1231681229489006,10.266666666666667,4.835541074536828,0.0,0.0
united_kingdom,1993Q4,5.513321180864434,2.159882276037408,10.266666666666667,4.7533454858022335,0.0,0.0
united_kingdom,1994Q1,5.2530708032410045,2.122388064657855,9.933333333333334,4.680262530092329,0.0,0.0
united_kingdom,1994Q2,5.050374459259554,2.0940326635207214,9.666666666666666,4.616292207407112,0.0,0.0
united_kingdom,1994Q3,4.838565482253412,2.0607552215051266,9.4,4.561434517746588,0.0,0.0
united_kingdom,1994Q4,4.484310538889248,1.9930511337212753,9.0,4.515689461110752,0.0,0.0
united_kingdom,1995Q1,4.387609629167061,1.979583334713774,8.866666666666667,4.479057037499606,0.0,0.0
united_kingdom,1995Q2,4.281796086420182,1.9618690912648944,8.733333333333333,4.4515372469131504,0.0,0.0
united_kingdom,1995Q3,4.1668699106486145,1.9399385595874252,8.6,4.433130089351385,0.0,0.0
united_kingdom,1995Q4,4.009497768519025,1.9063396931859795,8.433333333333334,4.423835564814309,0.0,0.0
united_kingdom,1996Q1,3.843012993364746,1.868741831341473,8.266666666666667,4.423653673301922,0.0,0.0
united_kingdom,1996Q2,3.8340822518524433,1.8649767027647537,8.266666666666667,4.432584414814224,0.0,0.0
united_kingdom,1996Q3,3.6493722106487816,1.8199679648296903,8.1,4.450627789351218,0.0,0.0
united_kingdom,1996Q4,3.3555495364204315,1.7493773010509872,7.833333333333333,4.4777837969129015,0.0,0.0
united_kingdom,1997Q1,2.824284407942317,1.6263592288915782,7.333333333333333,4.509048925391016,0.0,0.0
united_kingdom,1997Q2,2.6939136706560305,1.5934489143634691,7.233333333333333,4.539419662677303,0.0,0.0
united_kingdom,1997Q3,2.2977706578949046,1.502915945883523,6.866666666666667,4.5688960087717625,0.0,0.0
united_kingdom,1997Q4,1.902522036325605,1.413818630857574,6.5,4.597477963674395,0.0,0.0
united_kingdom,1998Q1,1.7415011392814668,1.3765273110703153,6.366666666666667,4.6251655273852,0.0,0.0
united_kingdom,1998Q2,1.648041300095822,1.354268256966634,6.3,4.651958699904178,0.0,0.0
united_kingdom,1998Q3,1.5554758521020071,1.3325188632494567,6.233333333333333,4.677857481231326,0.0,0.0
united_kingdom,1998Q4,1.4638047953000166,1.3112583008683254,6.166666666666667,4.70286187136665,0.0,0.0
united_kingdom,1999Q1,1.4730281296898537,1.3116219368559952,6.2,4.726971870310146,0.0,0.0
united_kingdom,1999Q2,1.2831458552715196,1.270125307937335,6.033333333333334,4.7501874780618145,0.0,0.0
united_kingdom,1999Q3,1.0941579720450099,1.229262646137882,5.866666666666667,4.772508694621657,0.0,0.0
united_kingdom,1999Q4,1.0393978133436619,1.2168151425920517,5.833333333333333,4.793935519989671,0.0,0.0
united_kingdom,2000Q1,0.9521987125008096,1.1977785960080787,5.766666666666667,4.814467954165857,0.0,0.0
united_kingdom,2000Q2,0.6325606695164501,1.1308537028127548,5.466666666666666,4.834105997150216,0.0,0.0
united_kingdom,2000Q3,0.48048368439058464,1.0990106265697441,5.333333333333333,4.852849648942748,0.0,0.0
united_kingdom,2000Q4,0.36263442378987953,1.0744522358134985,5.233333333333333,4.870698909543454,0.0,0.0
united_kingdom,2001Q1,0.2123462210476701,1.0434454301902674,5.1000000000000005,4.88765377895233,0.0,0.0
united_kingdom,2001Q2,0.06295240949728687,1.0128376993837371,4.966666666666667,4.90371425716938,0.0,0.0
united_kingdom,2001Q3,0.18111965580539557,1.0368213176844518,5.1,4.918880344194604,0.0,0.0
united_kingdom,2001Q4,0.23351462663866673,1.0473357854661502,5.166666666666667,4.933152040028,0.0,0.0
united_kingdom,2002Q1,0.22013732199709857,1.0445033894793976,5.166666666666667,4.946529344669568,0.0,0.0
united_kingdom,2002Q2,0.2409877418806916,1.0485959157463518,5.2,4.959012258119309,0.0,0.0
united_kingdom,2002Q3,0.26273255295611087,1.0528573032848096,5.233333333333333,4.9706007803772225,0.0,0.0
united_kingdom,2002Q4,0.11870508855669115,1.023830166787354,5.1000000000000005,4.981294911443309,0.0,0.0
united_kingdom,2003Q1,0.14223868201576462,1.0284984942087234,5.133333333333333,4.991094651317568,0.0,0.0
united_kingdom,2003Q2,0.0,1.0,5.0,5.0,1.0,0.0
united_kingdom,2003Q3,0.02532237584272856,1.005056373889289,5.033333333333333,5.008010957490605,0.0,0.0
united_kingdom,2003Q4,0.0,1.0,4.866666666666667,4.866666666666667,0.0,0.0
united_kingdom,2004Q1,0.0,1.0,4.8,4.8,0.0,0.0
united_kingdom,2004Q2,0.0,1.0,4.8,4.8,0.0,0.0
united_kingdom,2004Q3,0.0,1.0,4.7,4.7,0.0,0.0
united_kingdom,2004Q4,0.0,1.0,4.7,4.7,0.0,0.0
united_kingdom,2005Q1,0.0,1.0,4.733333333333333,4.733333333333333,0.0,0.0
united_kingdom,2005Q2,0.0,1.0,4.766666666666667,4.766666666666667,0.0,0.0
united_kingdom,2005Q3,0.0,1.0,4.766666666666667,4.766666666666667,0.0,0.0
united_kingdom,2005Q4,0.06013802872618257,1.0119324753473324,5.1,5.039861971273817,0.0,0.0
united_kingdom,2006Q1,0.19440431648718537,1.0385804832410326,5.233333333333333,5.038929016846148,0.0,0.0
united_kingdom,2006Q2,0.42956499544001314,1.085280191562106,5.466666666666666,5.037101671226653,0.0,0.0
united_kingdom,2006Q3,0.4656200655846696,1.0924880663856262,5.5,5.03437993441533,0.0,0.0
united_kingdom,2006Q4,0.43590286025448677,1.0866474509693513,5.466666666666666,5.030763806412179,0.0,0.0
united_kingdom,2007Q1,0.47374671278279834,1.0942544447546314,5.5,5.026253287217202,0.0,0.0
united_kingdom,2007Q2,0.34581828983627005,1.0688764654658982,5.366666666666667,5.020848376830397,0.0,0.0
united_kingdom,2007Q3,0.2521175914149021,1.0502772208690059,5.266666666666667,5.0145490752517645,0.0,0.0
united_kingdom,2007Q4,0.19264461751869444,1.038472327766605,5.2,5.007355382481306,0.0,0.0
united_kingdom,2008Q1,0.23406603481431443,1.046820067989494,5.233333333333333,4.999267298519019,0.0,0.0
united_kingdom,2008Q2,0.37638184330176294,1.0754229180545996,5.366666666666667,4.990284823364904,0.0,0.0
united_kingdom,2008Q3,0.8862587096477039,1.1779490188948651,5.866666666666667,4.980407957018963,0.0,0.0
united_kingdom,2008Q4,1.397029967185473,1.2811130977303262,6.366666666666667,4.969636699481194,0.0,0.0
united_kingdom,2009Q1,2.075362282581735,1.4185910448725034,7.033333333333334,4.957971050751599,0.0,0.0
united_kingdom,2009Q2,2.8212556558364907,1.5704795111383254,7.766666666666667,4.945411010830176,0.0,0.0
united_kingdom,2009Q3,2.9347100869497424,1.5950397250087274,7.866666666666667,4.931956579716925,0.0,0.0
united_kingdom,2009Q4,2.8490589092548193,1.5793587146027865,7.766666666666667,4.917607757411847,0.0,0.0
united_kingdom,2010Q1,3.064302122751724,1.625066148243767,7.966666666666666,4.902364543914942,0.0,0.0
united_kingdom,2010Q2,2.9804397274404577,1.6099675198287955,7.866666666666667,4.886226939226209,0.0,1.0
united_kingdom,2010Q3,2.964138389987684,1.6087532794386354,7.833333333333333,4.869194943345649,0.0,0.0
united_kingdom,2010Q4,3.0486574256752377,1.6284152023833458,7.900000000000001,4.851342574324764,0.0,0.0
united_kingdom,2011Q1,2.9335527261941206,1.6069694946830282,7.766666666666667,4.833113940472546,0.0,0.0
united_kingdom,2011Q2,3.0854169401594973,1.6408482109064935,7.8999999999999995,4.814583059840502,0.0,0.0
united_kingdom,2011Q3,3.5042500675713706,1.730699080841518,8.299999999999999,4.795749932428628,0.0,0.0
united_kingdom,2011Q4,3.623385441763074,1.7585676837823994,8.4,4.776614558236926,0.0,0.0
united_kingdom,2012Q1,3.476156396067937,1.730718331882388,8.233333333333333,4.757176937265395,0.0,0.0
united_kingdom,2012Q2,3.295896263819299,1.6957129383372245,8.033333333333333,4.737437069514034,0.0,0.0
united_kingdom,2012Q3,3.115938378350487,1.6605209884025531,7.833333333333333,4.717394954982846,0.0,0.0
united_kingdom,2012Q4,3.102949406328171,1.660616560210926,7.8,4.697050593671829,0.0,0.0
united_kingdom,2013Q1,3.1902626810856853,1.6822042515835673,7.866666666666667,4.676403985580982,0.0,0.0
united_kingdom,2013Q2,3.044544869289693,1.653973625308074,7.7,4.655455130710307,0.0,0.0
united_kingdom,2013Q3,2.9324626376068634,1.6327866920010874,7.566666666666666,4.634204029059803,0.0,0.0
united_kingdom,2013Q4,2.5540159860371974,1.5536981147873659,7.166666666666667,4.61265068062947,0.0,0.0
united_kingdom,2014Q1,2.1425382479140254,1.466703089126953,6.733333333333333,4.590795085419308,0.0,0.0
united_kingdom,2014Q2,1.6980294232373492,1.3716708796872592,6.266666666666667,4.568637243429317,0.0,0.0
united_kingdom,2014Q3,1.4204895120071672,1.3124580199324765,5.966666666666666,4.546177154659499,0.0,0.0
united_kingdom,2014Q4,1.2099185142234834,1.2674790092458468,5.733333333333333,4.52341481910985,0.0,0.0
united_kingdom,2015Q1,1.032983096552961,1.2295339345170555,5.533333333333334,4.500350236780373,0.0,0.0
united_kingdom,2015Q2,1.0896832589955991,1.2433967606689107,5.566666666666666,4.476983407671067,0.0,0.0
united_kingdom,2015Q3,0.8466856682180675,1.1901248385220717,5.3,4.453314331781932,0.0,0.0
united_kingdom,2015Q4,0.6706569908870303,1.1514122951207921,5.1,4.429343009112969,0.0,0.0
united_kingdom,2016Q1,0.6615972270024892,1.1501899654623666,5.066666666666666,4.405069439664177,0.0,0.0
united_kingdom,2016Q2,0.5195063765644452,1.1185953961409956,4.9,4.380493623435555,0.0,0.0
united_kingdom,2016Q3,0.5110511062395604,1.117331545713701,4.866666666666666,4.355615560427106,0.0,0.0
united_kingdom,2016Q4,0.4028980826945068,1.0930387038196845,4.733333333333333,4.330435250638827,0.0,0.0
united_kingdom,2017Q1,0.2617139725959472,1.0607936930309154,4.566666666666666,4.304952694070719,0.0,0.0
united_kingdom,2017Q2,0.08749877594388433,1.0204476146246988,4.366666666666667,4.279167890722783,0.0,0.0
united_kingdom,2017Q3,0.013585826071650153,1.003194349362461,4.266666666666667,4.2530808405950165,0.0,0.0
united_kingdom,2017Q4,0.1066417896459102,1.0252305588292052,4.333333333333333,4.226691543687423,0.0,0.0
united_kingdom,2018Q1,0.0,1.0,4.2,4.2,1.0,0.0
united_kingdom,2018Q2,0.0,1.0,4.066666666666666,4.066666666666666,0.0,0.0
united_kingdom,2018Q3,0.0,1.0,4.066666666666666,4.066666666666666,0.0,0.0
united_kingdom,2018Q4,0.0,1.0,3.966666666666667,3.966666666666667,0.0,0.0
united_kingdom,2019Q1,0.0,1.0,3.8666666666666667,3.8666666666666667,0.0,0.0
united_kingdom,2019Q2,0.0,1.0,3.8666666666666667,3.8666666666666667,0.0,0.0
united_kingdom,2019Q3,0.0,1.0,3.8666666666666667,3.8666666666666667,0.0,0.0
united_kingdom,2019Q4,0.0,1.0,3.8000000000000003,3.8000000000000003,0.0,0.0
united_kingdom,2020Q1,0.05774656690655444,1.014525294075887,4.033333333333333,3.9755867664267788,0.0,0.0
united_kingdom,2020Q2,0.25382499827910365,1.0643217794873294,4.2,3.9461750017208965,0.0,0.0
united_kingdom,2020Q3,1.0168723430981483,1.2596406157583315,4.933333333333334,3.9164609902351852,0.0,1.0
united_kingdom,2020Q4,1.3468886013636876,1.346560595673539,5.233333333333333,3.886444731969646,0.0,0.0
united_kingdom,2021Q1,1.0438737730757222,1.2707052911772383,4.8999999999999995,3.8561262269242773,0.0,0.0
united_kingdom,2021Q2,0.8744945249009213,1.2285958105649482,4.7,3.825505475099079,0.0,0.0
united_kingdom,2021Q3,0.6054175235059471,1.1595478625794198,4.3999999999999995,3.7945824764940523,0.0,0.0
united_kingdom,2021Q4,0.40330943555747023,1.1071674600071384,4.166666666666667,3.7633572311091967,0.0,0.0
united_kingdom,2022Q1,0.10150359438882006,1.0271994173071595,3.8333333333333335,3.7318297389445134,0.0,0.0
united_kingdom,2022Q2,0.0,1.0,3.6999999999999997,3.6999999999999997,1.0,0.0
united_kingdom,2022Q3,0.02941176470588225,1.0080128205128205,3.6999999999999997,3.6705882352941175,0.0,0.0
united_kingdom,2022Q4,0.2588235294117647,1.0710823909531502,3.9,3.6411764705882352,0.0,0.0
united_kingdom,2023Q1,0.3549019607843138,1.0982627578718784,3.966666666666667,3.611764705882353,0.0,0.0
united_kingdom,2023Q2,0.5843137254901962,1.1631089217296113,4.166666666666667,3.5823529411764707,0.0,0.0
united_kingdom,2023Q3,0.5803921568627444,1.1633554083885207,4.133333333333333,3.5529411764705885,0.0,0.0
united_kingdom,2023Q4,0.47647058823529376,1.1352253756260433,4.0,3.5235294117647062,0.0,0.0
united_kingdom,2024Q1,0.8058823529411758,1.2306397306397305,4.3,3.494117647058824,0.0,0.0
united_kingdom,2024Q2,0.8019607843137249,1.2314657611771362,4.266666666666667,3.4647058823529417,0.0,0.0
united_kingdom,2024Q3,0.7980392156862739,1.232305936073059,4.233333333333333,3.4352941176470595,0.0,0.0
united_kingdom,2024Q4,0.9941176470588231,1.2918825561312606,4.4,3.4058823529411772,0.0,0.0
united_kingdom,2025Q1,1.123529411764705,1.3327526132404177,4.5,3.376470588235295,0.0,0.0
united_kingdom,2025Q2,1.3529411764705874,1.4042179261862915,4.7,3.3470588235294128,0.0,0.0
united_kingdom,2025Q3,1.6490196078431354,1.4970449172576825,4.966666666666666,3.3176470588235305,0.0,0.0
united_kingdom,2025Q4,1.8784313725490187,1.5712581991651755,5.166666666666667,3.2882352941176483,0.0,0.0
united_kingdom,2026Q1,1.6911764705882342,1.5189530685920571,4.95,3.258823529411766,0.0,0.0
united_states,1948Q1,0.015789473684210353,1.0042472864558754,3.733333333333333,3.7175438596491226,0.0,0.0
united_states,1948Q2,0.0,1.0,3.6666666666666665,3.6666666666666665,1.0,0.0
united_states,1948Q3,0.24679014326017645,1.0701132956281478,3.766666666666667,3.5198765234064906,0.0,0.0
united_states,1948Q4,0.44958995871171714,1.1328676288171504,3.8333333333333335,3.3837433746216163,0.0,0.0
united_states,1949Q1,1.4083994463546219,1.432254125006892,4.666666666666667,3.258267220312045,0.0,0.0
united_states,1949Q2,2.7232186061888912,1.8663157633897685,5.866666666666667,3.143448060477776,0.0,0.0
united_states,1949Q3,3.6607141048811918,2.2044652037376338,6.7,3.0392858951188084,0.0,0.0
united_states,1949Q4,4.020885942431523,2.3649644419733664,6.966666666666666,2.9457807242351435,0.0,1.0
united_states,1950Q1,3.5370674521732193,2.235470061932883,6.3999999999999995,2.86293254782678,0.0,0.0
united_states,1950Q2,2.7759253007729465,1.9946909931167955,5.566666666666666,2.79074136589372,0.0,0.0
united_states,1950Q3,1.9041261548973725,1.6976847232200885,4.633333333333334,2.7292071784359613,0.0,0.0
united_states,1950Q4,1.5550033478798282,1.58058691659554,4.233333333333333,2.678329985453505,0.0,0.0
united_states,1951Q1,0.8618902130536488,1.3267074847750362,3.5,2.6381097869463512,0.0,0.0
united_states,1951Q2,0.4914534170855003,1.1884012424023516,3.1,2.6085465829145,0.0,0.0
united_states,1951Q3,0.5770262933087165,1.2228210137767102,3.1666666666666665,2.58964037335795,0.0,0.0
united_states,1951Q4,0.7852755083899638,1.3042063214139936,3.3666666666666667,2.581391158276703,0.0,0.0
united_states,1952Q1,0.4828677289959087,1.1868828576232808,3.0666666666666664,2.5837989376707577,0.0,0.0
united_states,1952Q2,0.36980295512655204,1.1424036823662318,2.966666666666667,2.5968637115401147,0.0,0.0
united_states,1952Q3,0.6127478534485591,1.2338209755613472,3.233333333333333,2.620585479884774,0.0,0.0
united_states,1952Q4,0.17836909062859796,1.0671832365044907,2.8333333333333335,2.6549642427047355,0.0,0.0
united_states,1953Q1,0.0,1.0,2.6999999999999997,2.6999999999999997,1.0,0.0
united_states,1953Q2,0.0,1.0,2.566666666666667,2.566666666666667,0.0,0.0
united_states,1953Q3,0.0,1.0,2.733333333333333,2.733333333333333,0.0,0.0
united_states,1953Q4,0.8009507612623956,1.2762804958811844,3.6999999999999997,2.899049238737604,0.0,0.0
united_states,1954Q1,2.2799536927325894,1.7633655167504934,5.266666666666667,2.986712973934077,0.0,0.0
united_states,1954Q2,2.7149662963941483,1.8800442903495151,5.8,3.0850337036058515,0.0,0.0
united_states,1954Q3,2.772655238913737,1.8680793108070917,5.966666666666666,3.194011427752929,0.0,1.0
united_states,1954Q4,2.0196871869580253,1.6095059936219493,5.333333333333333,3.3136461463753077,0.0,0.0
united_states,1955Q1,1.2958475491400807,1.376975391461642,4.733333333333333,3.4374857841932527,0.0,0.0
united_states,1955Q2,0.8409217340729729,1.2362751452036247,4.3999999999999995,3.5590782659270266,0.0,0.0
united_states,1955Q3,0.4215764084233702,1.1146079014360268,4.1000000000000005,3.6784235915766303,0.0,0.0
united_states,1955Q4,0.43781157219127165,1.1153495091698633,4.233333333333333,3.7955217611420617,0.0,0.0
united_states,1956Q1,0.12296055871000933,1.031444715324322,4.033333333333333,3.910372774623324,0.0,0.0
united_states,1956Q2,0.1770233679795865,1.0440030813429513,4.2,4.022976632020414,0.0,0.0
united_states,1956Q3,0.0,1.0,4.133333333333334,4.133333333333334,1.0,0.0
united_states,1956Q4,0.0,1.0,4.133333333333334,4.133333333333334,0.0,0.0
united_states,1957Q1,0.0,1.0,3.9333333333333336,3.9333333333333336,0.0,0.0
united_states,1957Q2,0.0,1.0,4.1000000000000005,4.1000000000000005,0.0,0.0
united_states,1957Q3,0.0,1.0,4.233333333333333,4.233333333333333,0.0,0.0
united_states,1957Q4,0.2819238346979658,1.060610409550197,4.933333333333334,4.651409498635368,0.0,0.0
united_states,1958Q1,1.5525344617321117,1.3270238507720804,6.3,4.747465538267888,0.0,0.0
united_states,1958Q2,2.5311163210780414,1.5234391413972408,7.366666666666667,4.835550345588626,0.0,1.0
united_states,1958Q3,2.4184871379111277,1.4920778884522896,7.333333333333333,4.914846195422205,0.0,0.0
united_states,1958Q4,1.3813135788980384,1.2770743725829647,6.366666666666667,4.985353087768629,0.0,0.0
united_states,1959Q1,0.7862623107054407,1.1557858621724035,5.833333333333333,5.047071022627892,0.0,0.0
united_states,1959Q2,0.0,1.0,5.1000000000000005,5.1000000000000005,1.0,0.0
united_states,1959Q3,0.12252664678171676,1.0238186842325605,5.266666666666667,5.14414001988495,0.0,0.0
united_states,1959Q4,0.4205089177172585,1.0811873041263986,5.6000000000000005,5.179491082282742,0.0,0.0
united_states,1960Q1,0.0,1.0,5.133333333333334,5.133333333333334,0.0,0.0
united_states,1960Q2,0.009506998716477533,1.0018199300871617,5.233333333333333,5.223826334616856,0.0,0.0
united_states,1960Q3,0.3005228087801566,1.057430477822588,5.533333333333334,5.2328105245531775,0.0,0.0
united_states,1960Q4,1.0336609096643254,1.1975271875596873,6.266666666666666,5.23300575700234,0.0,1.0
united_states,1961Q1,1.575587968035653,1.301581873404277,6.8,5.224412031964347,0.0,0.0
united_states,1961Q2,1.7929706505608056,1.344336574702409,7.0,5.207029349439194,0.0,0.0
united_states,1961Q3,1.5858089572397818,1.306090042649561,6.766666666666667,5.180857709426885,0.0,0.0
united_states,1961Q4,1.0541028880725811,1.2048433665005327,6.2,5.145897111927419,0.0,0.0
united_states,1962Q1,0.5311857763925367,1.1041102340660314,5.633333333333333,5.102147556940796,0.0,0.0
united_states,1962Q2,0.4837242888663198,1.095794404003682,5.533333333333334,5.049609044467014,0.0,0.0
united_states,1962Q3,0.5783850921605902,1.1159487658268088,5.566666666666666,4.988281574506076,0.0,0.0
united_states,1962Q4,0.615168186275354,1.12508083154616,5.533333333333334,4.91816514705798,0.0,0.0
united_states,1963Q1,0.9274069045439406,1.191642306908761,5.766666666666667,4.839259762122726,0.0,0.0
united_states,1963Q2,0.9817679136330169,1.2066198877453185,5.733333333333333,4.7515654197003165,0.0,0.0
united_states,1963Q3,0.8449178802092518,1.1815043985190172,5.5,4.655082119790748,0.0,0.0
united_states,1963Q4,1.0168568042726438,1.2234943514183674,5.566666666666666,4.549809862394023,0.0,0.0
united_states,1964Q1,1.0234653365401138,1.2303441281403658,5.466666666666666,4.443201330126552,0.0,0.0
united_states,1964Q2,0.8572907943952499,1.1974092101973626,5.2,4.34270920560475,0.0,0.0
united_states,1964Q3,0.7516665111713863,1.1769320871697015,5.0,4.248333488828614,0.0,0.0
united_states,1964Q4,0.8065924868685199,1.1938889673615525,4.966666666666666,4.160074179798146,0.0,0.0
united_states,1965Q1,0.8220687214866551,1.2015896456662087,4.8999999999999995,4.077931278513344,0.0,0.0
united_states,1965Q2,0.6647618816924554,1.1661113688132736,4.666666666666667,4.0019047849742115,0.0,0.0
united_states,1965Q3,0.4346719674859214,1.1105474449333534,4.366666666666667,3.9319946991807457,0.0,0.0
united_states,1965Q4,0.23179897886705314,1.0599242328929332,4.1000000000000005,3.8682010211329474,0.0,0.0
united_states,1966Q1,0.05614291583585107,1.0147336480512974,3.8666666666666667,3.8105237508308156,0.0,0.0
united_states,1966Q2,0.07437044505898172,1.0197848308880546,3.8333333333333335,3.7589628882743518,0.0,0.0
united_states,1966Q3,0.05314823320311168,1.0143120962384833,3.766666666666667,3.7135184334635554,0.0,0.0
united_states,1966Q4,0.02580961360157419,1.007024571643625,3.6999999999999997,3.6741903863984255,0.0,0.0
united_states,1967Q1,0.19235458625436896,1.0528304611524273,3.8333333333333335,3.6409787470789645,0.0,0.0
united_states,1967Q2,0.21944981782816342,1.0607240982966457,3.8333333333333335,3.61388351550517,0.0,0.0
united_states,1967Q3,0.20709530832295586,1.0576400784587165,3.7999999999999994,3.5929046916770435,0.0,0.0
united_states,1967Q4,0.32195772440541637,1.0899815316888382,3.9,3.5780422755945835,0.0,0.0
united_states,1968Q1,0.16403706607554147,1.04595781739395,3.733333333333333,3.5692962672577915,0.0,0.0
united_states,1968Q2,0.0,1.0,3.5666666666666664,3.5666666666666664,1.0,0.0
united_states,1968Q3,0.0,1.0,3.533333333333333,3.533333333333333,0.0,0.0
united_states,1968Q4,0.0,1.0,3.4,3.4,0.0,0.0
united_states,1969Q1,0.0,1.0,3.4,3.4,0.0,0.0
united_states,1969Q2,0.0,1.0,3.4333333333333336,3.4333333333333336,0.0,0.0
united_states,1969Q3,0.0,1.0,3.5666666666666664,3.5666666666666664,0.0,0.0
united_states,1969Q4,0.0,1.0,3.5666666666666664,3.5666666666666664,0.0,0.0
united_states,1970Q1,0.4471477872591878,1.1202165661087917,4.166666666666667,3.719518879407479,0.0,0.0
united_states,1970Q2,1.0008461258849737,1.2657710623877,4.766666666666667,3.765820540781693,0.0,0.0
united_states,1970Q3,1.3484280567650915,1.3531544763253678,5.166666666666667,3.8182386099015755,0.0,0.0
united_states,1970Q4,1.9565602465662089,1.5046878428981774,5.833333333333333,3.876773086767124,0.0,0.0
united_states,1971Q1,1.9919093619549928,1.5053781010162197,5.933333333333334,3.9414239713783408,0.0,0.0
united_states,1971Q2,1.8878087362647769,1.4705181314081437,5.900000000000001,4.012191263735224,0.0,0.0
united_states,1971Q3,1.9442583694955582,1.4754763330801808,6.033333333333334,4.089074963837776,0.0,0.0
united_states,1971Q4,1.76125826164734,1.4221540196148943,5.933333333333334,4.172075071685994,0.0,0.0
united_states,1972Q1,1.5054750793867866,1.3532990827919573,5.766666666666667,4.26119158727988,0.0,0.0
united_states,1972Q2,1.3435754893805676,1.3084124345791837,5.7,4.356424510619433,0.0,0.0
united_states,1972Q3,1.1088928249620125,1.2487548413936522,5.566666666666666,4.457773841704654,0.0,0.0
united_states,1972Q4,0.8014270861311257,1.1755498417975934,5.366666666666667,4.5652395805355415,0.0,0.0
united_states,1973Q1,0.2545116062212367,1.0543965171287535,4.933333333333334,4.678821727112097,0.0,0.0
united_states,1973Q2,0.13481305189901427,1.0280947133683298,4.933333333333334,4.798520281434319,0.0,0.0
united_states,1973Q3,0.0,1.0,4.8,4.8,0.0,0.0
united_states,1973Q4,0.0,1.0,4.766666666666667,4.766666666666667,0.0,0.0
united_states,1974Q1,0.0,1.0,5.133333333333333,5.133333333333333,0.0,0.0
united_states,1974Q2,0.0,1.0,5.2,5.2,0.0,0.0
united_states,1974Q3,0.14457416410288815,1.0263400451077103,5.633333333333333,5.488759169230445,0.0,0.0
united_states,1974Q4,0.9609776003938668,1.1704156380831165,6.6000000000000005,5.639022399606134,0.0,0.0
united_states,1975Q1,2.4835321697802524,1.4294439583096958,8.266666666666666,5.783134496886413,0.0,0.0
united_states,1975Q2,2.945571205595381,1.4974706496392896,8.866666666666667,5.921095461071286,0.0,0.0
united_states,1975Q3,2.4137613745059205,1.3987773239459136,8.466666666666667,6.052905292160746,0.0,0.0
united_states,1975Q4,2.1214360098451976,1.3433542184277105,8.299999999999999,6.178563990154801,0.0,0.0
united_states,1976Q1,1.4352617782798873,1.2278890872759713,7.733333333333333,6.298071555053446,0.0,0.0
united_states,1976Q2,1.1552386798099858,1.1801843024952017,7.566666666666666,6.411427986856681,0.0,0.0
united_states,1976Q3,1.214700047768826,1.1863427492475724,7.733333333333333,6.5186332855645075,0.0,0.0
united_states,1976Q4,1.1469792154897416,1.173267880689113,7.766666666666667,6.619687451176925,0.0,0.0
united_states,1977Q1,0.7854095163060659,1.1169705759738282,7.5,6.714590483693934,0.0,0.0
united_states,1977Q2,0.3299909502177991,1.0485042397743742,7.133333333333333,6.803342383115534,0.0,0.0
united_states,1977Q3,0.01405685055827366,1.0020413834754667,6.8999999999999995,6.885943149441726,0.0,0.0
united_states,1977Q4,0.0,1.0,6.666666666666667,6.666666666666667,0.0,0.0
united_states,1978Q1,0.0,1.0,6.333333333333333,6.333333333333333,0.0,0.0
united_states,1978Q2,0.0,1.0,6.0,6.0,0.0,0.0
united_states,1978Q3,0.0,1.0,6.033333333333334,6.033333333333334,0.0,0.0
united_states,1978Q4,0.0,1.0,5.8999999999999995,5.8999999999999995,0.0,0.0
united_states,1979Q1,0.0,1.0,5.866666666666667,5.866666666666667,0.0,0.0
united_states,1979Q2,0.0,1.0,5.7,5.7,0.0,0.0
united_states,1979Q3,0.0,1.0,5.866666666666667,5.866666666666667,0.0,0.0
united_states,1979Q4,0.0,1.0,5.966666666666666,5.966666666666666,0.0,0.0
united_states,1980Q1,0.0,1.0,6.3,6.3,0.0,0.0
united_states,1980Q2,0.0,1.0,7.333333333333333,7.333333333333333,0.0,1.0
united_states,1980Q3,0.2693027027525421,1.0364052254379068,7.666666666666667,7.397363963914125,0.0,0.0
united_states,1980Q4,0.0,1.0,7.3999999999999995,7.3999999999999995,1.0,0.0
united_states,1981Q1,0.03684843034286711,1.0049818840741456,7.433333333333334,7.3964849029904665,0.0,0.0
united_states,1981Q2,0.013181327114474506,1.0017844389713881,7.3999999999999995,7.386818672885525,0.0,0.0
united_states,1981Q3,0.02899869031482627,1.0039341588878465,7.3999999999999995,7.371001309685173,0.0,0.0
united_states,1981Q4,0.8843005199439222,1.1203288299832856,8.233333333333334,7.349032813389412,0.0,0.0
united_states,1982Q1,1.5124201493350906,1.206589002126248,8.833333333333334,7.320913183998243,0.0,0.0
united_states,1982Q2,2.1466909118216684,1.2946063203930793,9.433333333333334,7.286642421511665,0.0,0.0
united_states,1982Q3,2.6537794740703227,1.3662294660470393,9.9,7.246220525929678,0.0,0.0
united_states,1982Q4,3.4670191694143835,1.4815540164622722,10.666666666666666,7.199647497252283,0.0,1.0
united_states,1983Q1,3.219743331187189,1.45050760726695,10.366666666666667,7.146923335479478,0.0,0.0
united_states,1983Q2,3.0452852927220686,1.429636660935984,10.133333333333333,7.088048040611264,0.0,0.0
united_states,1983Q3,2.3436450540190252,1.333708933744187,9.366666666666667,7.023021612647642,0.0,0.0
united_states,1983Q4,1.5814892817447213,1.227492053908103,8.533333333333333,6.951844051588612,0.0,0.0
united_states,1984Q1,0.9921513092324972,1.1443230915412204,7.866666666666667,6.87451535743417,0.0,0.0
united_states,1984Q2,0.6422978031490114,1.0945802448380915,7.433333333333334,6.791035530184322,0.0,0.0
united_states,1984Q3,0.7319287634942713,1.1092202024018152,7.433333333333334,6.701404569839062,0.0,0.0
united_states,1984Q4,0.6943775236016023,1.1051191656929507,7.3,6.6056224763983975,0.0,0.0
united_states,1985Q1,0.7285753998386078,1.1120065354141742,7.233333333333333,6.504757933494726,0.0,0.0
united_states,1985Q2,0.8947769570775064,1.1396948944761882,7.3,6.4052230429224934,0.0,0.0
united_states,1985Q3,0.8919135116858996,1.141392086703027,7.2,6.308086488314101,0.0,0.0
united_states,1985Q4,0.8199850636637844,1.1319715277616966,7.033333333333334,6.21334826966955,0.0,0.0
united_states,1986Q1,0.9123249463444925,1.1490481451199743,7.033333333333334,6.121008386988842,0.0,0.0
united_states,1986Q2,1.1355998263946923,1.1882916997058983,7.166666666666667,6.031066840271975,0.0,0.0
united_states,1986Q3,1.0231430371477153,1.1721441859953579,6.966666666666666,5.943523629518951,0.0,0.0
united_states,1986Q4,0.9749545786035663,1.1664205438776787,6.833333333333333,5.858378754729767,0.0,0.0
united_states,1987Q1,0.824367784095573,1.142732042706165,6.599999999999999,5.775632215904426,0.0,0.0
united_states,1987Q2,0.5713826536237407,1.100325576795679,6.266666666666667,5.695284013042926,0.0,0.0
united_states,1987Q3,0.3826658538547312,1.0681223234899289,6.0,5.617334146145269,0.0,0.0
united_states,1987Q4,0.29155071812188016,1.0526095551495673,5.833333333333333,5.541782615211453,0.0,0.0
united_states,1988Q1,0.23137057975852215,1.0423086960147878,5.7,5.468629420241478,0.0,0.0
united_states,1988Q2,0.06879210543131897,1.0127442949351486,5.466666666666666,5.397874561235347,0.0,0.0
united_states,1988Q3,0.13714862847360987,1.0257337769552064,5.466666666666666,5.329518038193056,0.0,0.0
united_states,1988Q4,0.06977348221872592,1.013255949242023,5.333333333333333,5.263559851114607,0.0,0.0
united_states,1989Q1,0.0,1.0,5.2,5.2,1.0,0.0
united_states,1989Q2,0.09449484848409728,1.0183883670916483,5.233333333333333,5.138838484849236,0.0,0.0
united_states,1989Q3,0.15325802767102115,1.0301684558691873,5.233333333333333,5.080075305662312,0.0,0.0
united_states,1989Q4,0.3429562042274368,1.0682675099991563,5.366666666666667,5.02371046243923,0.0,0.0
united_states,1990Q1,0.3302560448200085,1.0664533319620584,5.3,4.969743955179991,0.0,0.0
united_states,1990Q2,0.4151575494487396,1.084412913993251,5.333333333333333,4.918175783884593,0.0,0.0
united_states,1990Q3,0.8309940514469627,1.1706701655794682,5.7,4.8690059485530375,0.0,0.0
united_states,1990Q4,1.3110988841480093,1.2718861759965878,6.133333333333333,4.8222344491853235,0.0,0.0
united_states,1991Q1,1.8221387142185508,1.3813712046519844,6.6000000000000005,4.77786128578145,0.0,0.0
united_states,1991Q2,2.0974468749919115,1.4428836910347864,6.833333333333333,4.7358864583414215,0.0,0.0
united_states,1991Q3,2.1703566998014354,1.462140854226907,6.866666666666667,4.696309966865232,0.0,0.0
united_states,1991Q4,2.4408681886471157,1.5238890607686744,7.1000000000000005,4.659131811352885,0.0,0.0
united_states,1992Q1,2.7423146748622873,1.5930159900722136,7.366666666666667,4.62435199180438,0.0,1.0
united_states,1992Q2,3.0080294917802846,1.6550628943273598,7.6000000000000005,4.591970508219716,0.0,0.0
united_states,1992Q3,3.071345972734438,1.673247365668114,7.633333333333333,4.561987360598895,0.0,0.0
united_states,1992Q4,2.832264117724751,1.6246168237501648,7.366666666666667,4.534402548941916,0.0,0.0
united_states,1993Q1,2.624117260084555,1.581945335388185,7.133333333333333,4.509216073248778,0.0,0.0
united_states,1993Q2,2.5802387331471843,1.5751209584510268,7.066666666666666,4.486427933519482,0.0,0.0
united_states,1993Q3,2.3339618702459726,1.5226023160654292,6.8,4.466038129754027,0.0,0.0
united_states,1993Q4,2.1852866713809176,1.4912913099750875,6.633333333333333,4.448046661952415,0.0,0.0
united_states,1994Q1,2.134213136552021,1.4814970133475533,6.566666666666666,4.432453530114645,0.0,0.0
united_states,1994Q2,1.7807412657592838,1.4029502169587809,6.2,4.419258734240716,0.0,0.0
united_states,1994Q3,1.5925872728240247,1.361342894665657,6.0,4.407412727175975,0.0,0.0
united_states,1994Q4,1.237467371567564,1.2815070755866467,5.633333333333333,4.395865961765769,0.0,0.0
united_states,1995Q1,1.0820482286565696,1.2467827574861094,5.466666666666666,4.384618438010096,0.0,0.0
united_states,1995Q2,1.2929965107577095,1.2956319211705605,5.666666666666667,4.3736701559089575,0.0,0.0
united_states,1995Q3,1.3036455512043128,1.2987942337900338,5.666666666666667,4.363021115462354,0.0,0.0
united_states,1995Q4,1.2139953499963818,1.2789081145058907,5.566666666666666,4.352671316670285,0.0,0.0
united_states,1996Q1,1.1907125738005853,1.2741921617693142,5.533333333333334,4.342620759532749,0.0,0.0
united_states,1996Q2,1.1671305559502532,1.2693666566743784,5.5,4.332869444049747,0.0,0.0
united_states,1996Q3,0.9432492964453871,1.218172157733897,5.266666666666667,4.3234173702212795,0.0,0.0
united_states,1996Q4,1.0190687952859872,1.2362091583162913,5.333333333333333,4.314264538047346,0.0,0.0
united_states,1997Q1,0.9279223858053864,1.215524696042819,5.233333333333333,4.305410947527947,0.0,0.0
united_states,1997Q2,0.7031434013369191,1.1636413469222349,5.0,4.296856598663081,0.0,0.0
united_states,1997Q3,0.5780651752139159,1.1347910679894153,4.866666666666667,4.288601491452751,0.0,0.0
united_states,1997Q4,0.38602104076971244,1.0901782288247295,4.666666666666667,4.2806456258969545,0.0,0.0
united_states,1998Q1,0.3603443313376413,1.0843307415884627,4.633333333333333,4.2729890019956915,0.0,0.0
united_states,1998Q2,0.13436838025103715,1.0315002307346326,4.3999999999999995,4.265631619748962,0.0,0.0
united_states,1998Q3,0.27475985417656457,1.064519223519649,4.533333333333333,4.258573479156769,0.0,0.0
united_states,1998Q4,0.18151875311422572,1.0426920670432602,4.433333333333334,4.251814580219108,0.0,0.0
united_states,1999Q1,0.05464507706401722,1.0128717334724575,4.3,4.245354922935983,0.0,0.0
united_states,1999Q2,0.027472159359274606,1.0064805140014026,4.266666666666667,4.239194507307392,0.0,0.0
united_states,1999Q3,0.0,1.0,4.233333333333333,4.233333333333333,1.0,0.0
united_states,1999Q4,0.0,1.0,4.066666666666666,4.066666666666666,0.0,0.0
united_states,2000Q1,0.0,1.0,4.033333333333333,4.033333333333333,0.0,0.0
united_states,2000Q2,0.0,1.0,3.9333333333333336,3.9333333333333336,0.0,0.0
united_states,2000Q3,0.0,1.0,4.0,4.0,0.0,0.0
united_states,2000Q4,0.0,1.0,3.9,3.9,0.0,0.0
united_states,2001Q1,0.02888296909912924,1.0068696182846697,4.233333333333333,4.204450364234204,0.0,0.0
united_states,2001Q2,0.19931611815811312,1.0474484926179968,4.3999999999999995,4.200683881841886,0.0,0.0
united_states,2001Q3,0.6361166922292316,1.1515567926610282,4.833333333333333,4.197216641104101,0.0,0.0
united_states,2001Q4,1.3059513579791489,1.3113820247325247,5.5,4.194048642020851,0.0,0.0
united_states,2002Q1,1.5088201154078646,1.3599988921865842,5.7,4.1911798845921355,0.0,0.0
united_states,2002Q2,1.6447229645153802,1.3926655429111994,5.833333333333333,4.188610368817953,0.0,0.0
united_states,2002Q3,1.5469932386350278,1.3695335791265937,5.733333333333333,4.186340094698306,0.0,0.0
united_states,2002Q4,1.6822976044334759,1.4020433139173523,5.866666666666667,4.184369062233191,0.0,0.0
united_states,2003Q1,1.6839693952440546,1.402603699471491,5.866666666666667,4.1826972714226125,0.0,0.0
united_states,2003Q2,1.9520086110667663,1.4668397555138082,6.133333333333333,4.181324722266567,0.0,0.0
united_states,2003Q3,1.9530819185682775,1.4672163764288917,6.133333333333333,4.180251414765055,0.0,0.0
united_states,2003Q4,1.6538559844152543,1.3957088043181716,5.833333333333333,4.179477348918079,0.0,0.0
united_states,2004Q1,1.5209974752743651,1.363961846463403,5.7,4.179002524725635,0.0,0.0
united_states,2004Q2,1.4211730578122719,1.340088995661603,5.599999999999999,4.178826942187727,0.0,0.0
united_states,2004Q3,1.254382732028982,1.3001669202879447,5.433333333333334,4.178950601304352,0.0,0.0
united_states,2004Q4,1.2539598312578217,1.3000353595186205,5.433333333333334,4.179373502075512,0.0,0.0
united_states,2005Q1,1.1199043554987949,1.2679135720188597,5.3,4.180095644501205,0.0,0.0
united_states,2005Q2,0.9188829714185669,1.2197697326186359,5.1000000000000005,4.181117028581434,0.0,0.0
united_states,2005Q3,0.7842290123504707,1.187505248653536,4.966666666666667,4.182437654316196,0.0,0.0
united_states,2005Q4,0.7826091449611754,1.1870455032946514,4.966666666666667,4.184057521705491,0.0,0.0
united_states,2006Q1,0.547356702584012,1.1307596173765622,4.733333333333333,4.185976630749321,0.0,0.0
united_states,2006Q2,0.4451383518856469,1.1062840564628587,4.633333333333333,4.188194981447686,0.0,0.0
united_states,2006Q3,0.4426207595327485,1.1056194505678858,4.633333333333334,4.190712573800585,0.0,0.0
united_states,2006Q4,0.23980392552531615,1.0571842718161986,4.433333333333334,4.193529407808017,0.0,0.0
united_states,2007Q1,0.30335451653001577,1.0722849994656178,4.5,4.196645483469984,0.0,0.0
united_states,2007Q2,0.2999391992135143,1.071413061248387,4.5,4.200060800786486,0.0,0.0
united_states,2007Q3,0.46289130690914604,1.1101132356739076,4.666666666666667,4.203775359757521,0.0,0.0
united_states,2007Q4,0.5922108396169099,1.1407415668999425,4.8,4.20778916038309,0.0,0.0
united_states,2008Q1,0.7878977973368055,1.187055716938359,5.0,4.2121022026631945,0.0,0.0
united_states,2008Q2,1.1166188467355012,1.2648077905877906,5.333333333333333,4.216714486597832,0.0,0.0
united_states,2008Q3,1.778373987812997,1.4212533234064746,6.0,4.221626012187003,0.0,0.0
united_states,2008Q4,2.6398298872359582,1.6245402945489424,6.866666666666667,4.226836779430709,0.0,1.0
united_states,2009Q1,4.034319878337718,1.9532110859778062,8.266666666666667,4.232346788328949,0.0,0.0
united_states,2009Q2,5.061843961118274,2.194350541763886,9.299999999999999,4.2381560388817245,0.0,0.0
united_states,2009Q3,5.3890688022443,2.26972971707339,9.633333333333333,4.244264531089033,0.0,0.0
united_states,2009Q4,5.682661068382458,2.3368852534784006,9.933333333333334,4.250672264950875,0.0,0.0
united_states,2010Q1,5.575954092866082,2.309715150547433,9.833333333333334,4.257379240467252,0.0,0.0
united_states,2010Q2,5.368947875695171,2.2590203041046792,9.633333333333333,4.264385457638162,0.0,0.0
united_states,2010Q3,5.19497575020306,2.21614036497374,9.466666666666667,4.271690916463607,0.0,0.0
united_states,2010Q4,5.220704383056413,2.2199915243960664,9.5,4.279295616943587,0.0,0.0
united_states,2011Q1,4.746133774255234,2.1070475514034204,9.033333333333333,4.2871995590781,0.0,0.0
united_states,2011Q2,4.771263923799519,2.1107838331859745,9.066666666666666,4.2954027428671475,0.0,0.0
united_states,2011Q3,4.696094831689271,2.0911241414579016,9.0,4.303905168310729,0.0,0.0
united_states,2011Q4,4.320626497924488,2.0018363554069154,8.633333333333333,4.312706835408845,0.0,0.0
united_states,2012Q1,3.944858922505171,1.9127798264127873,8.266666666666667,4.321807744161497,0.0,0.0
united_states,2012Q2,3.8687921054313197,1.893236297958076,8.2,4.33120789456868,0.0,0.0
united_states,2012Q3,3.692426046702936,1.8506115894424364,8.033333333333333,4.340907286630397,0.0,0.0
united_states,2012Q4,3.4490940796533502,1.7927300986959862,7.8,4.35090592034665,0.0,0.0
united_states,2013Q1,3.372129537615897,1.773210722444849,7.733333333333333,4.3612037957174365,0.0,0.0
united_states,2013Q2,3.161532420590577,1.7231647743554523,7.533333333333334,4.371800912742757,0.0,0.0
united_states,2013Q3,2.8506360619107207,1.6504296065571993,7.233333333333333,4.382697271422613,0.0,0.0
united_states,2013Q4,2.5394404615763326,1.577947741488945,6.933333333333334,4.393892871757001,0.0,0.0
united_states,2014Q1,2.261278952920743,1.5132985107905443,6.666666666666667,4.405387713745924,0.0,0.0
united_states,2014Q2,1.7828182026106179,1.4036098771538652,6.2,4.417181797389382,0.0,0.0
united_states,2014Q3,1.6373915439792928,1.3696748336070481,6.066666666666666,4.429275122687374,0.0,0.0
united_states,2014Q4,1.2583323103601014,1.2833017682288876,5.7,4.441667689639899,0.0,0.0
united_states,2015Q1,1.0789738350863756,1.2422287279486564,5.533333333333334,4.4543594982469585,0.0,0.0
united_states,2015Q2,0.9659827848247815,1.2162316957972505,5.433333333333334,4.467350548508552,0.0,0.0
united_states,2015Q3,0.6193591595753194,1.1382300393254943,5.1000000000000005,4.480640840424681,0.0,0.0
united_states,2015Q4,0.5391029593379901,1.119954455930289,5.033333333333333,4.494230373995343,0.0,0.0
united_states,2016Q1,0.3918808507794598,1.086927793567128,4.8999999999999995,4.50811914922054,0.0,0.0
united_states,2016Q2,0.4110261672330626,1.0908886000301266,4.933333333333334,4.522307166100271,0.0,0.0
united_states,2016Q3,0.3632055753654644,1.0800577547427053,4.8999999999999995,4.536794424634535,0.0,0.0
united_states,2016Q4,0.21508574184333185,1.0472551725204535,4.766666666666667,4.551580924823335,0.0,0.0
united_states,2017Q1,0.0,1.0,4.566666666666666,4.566666666666666,1.0,0.0
united_states,2017Q2,0.0,1.0,4.366666666666667,4.366666666666667,0.0,0.0
united_states,2017Q3,0.0,1.0,4.333333333333333,4.333333333333333,0.0,0.0
united_states,2017Q4,0.0,1.0,4.166666666666667,4.166666666666667,0.0,0.0
united_states,2018Q1,0.0,1.0,4.033333333333333,4.033333333333333,0.0,0.0
united_states,2018Q2,0.0,1.0,3.9333333333333336,3.9333333333333336,0.0,0.0
united_states,2018Q3,0.0,1.0,3.766666666666667,3.766666666666667,0.0,0.0
united_states,2018Q4,0.0,1.0,3.8333333333333335,3.8333333333333335,0.0,0.0
united_states,2019Q1,0.0,1.0,3.8666666666666667,3.8666666666666667,0.0,0.0
united_states,2019Q2,0.0,1.0,3.6333333333333333,3.6333333333333333,0.0,0.0
united_states,2019Q3,0.0,1.0,3.6,3.6,0.0,0.0
united_states,2019Q4,0.0,1.0,3.6,3.6,0.0,0.0
united_states,2020Q1,0.0,1.0,3.8333333333333335,3.8333333333333335,0.0,0.0
united_states,2020Q2,8.371428571428572,2.8086419753086425,13.0,4.628571428571428,0.0,1.0
united_states,2020Q3,4.166666666666666,1.8992805755395683,8.799999999999999,4.633333333333333,0.0,0.0
united_states,2020Q4,2.128571428571429,1.4589322381930185,6.766666666666667,4.638095238095238,0.0,0.0
united_states,2021Q1,1.590476190476191,1.3425641025641026,6.233333333333333,4.642857142857142,0.0,0.0
united_states,2021Q2,1.2857142857142865,1.2766393442622952,5.933333333333334,4.647619047619047,0.0,0.0
united_states,2021Q3,0.4142857142857146,1.0890481064483113,5.066666666666666,4.652380952380952,0.0,0.0
united_states,2021Q4,0.0,1.0,4.166666666666667,4.166666666666667,0.0,0.0
united_states,2022Q1,0.0,1.0,3.8666666666666667,3.8666666666666667,0.0,0.0
united_states,2022Q2,0.0,1.0,3.6333333333333333,3.6333333333333333,0.0,0.0
united_states,2022Q3,0.0,1.0,3.533333333333333,3.533333333333333,0.0,0.0
united_states,2022Q4,0.0,1.0,3.5666666666666664,3.5666666666666664,0.0,0.0
united_states,2023Q1,0.0,1.0,3.533333333333333,3.533333333333333,0.0,0.0
united_states,2023Q2,0.0,1.0,3.533333333333333,3.533333333333333,0.0,0.0
united_states,2023Q3,0.0,1.0,3.6333333333333333,3.6333333333333333,0.0,0.0
united_states,2023Q4,0.0,1.0,3.8000000000000003,3.8000000000000003,0.0,0.0
united_states,2024Q1,0.0,1.0,3.8333333333333335,3.8333333333333335,0.0,0.0
united_states,2024Q2,0.0,1.0,3.9666666666666663,3.9666666666666663,0.0,0.0
united_states,2024Q3,0.0,1.0,4.166666666666667,4.166666666666667,0.0,0.0
united_states,2024Q4,0.0,1.0,4.133333333333333,4.133333333333333,0.0,0.0
united_states,2025Q1,0.0,1.0,4.133333333333334,4.133333333333334,0.0,0.0
united_states,2025Q2,0.0,1.0,4.2,4.2,0.0,0.0
united_states,2025Q3,0.0,1.0,4.333333333333333,4.333333333333333,0.0,0.0
united_states,2025Q4,0.0,1.0,4.45,4.45,0.0,0.0
united_states,2026Q1,0.0,1.0,4.333333333333333,4.333333333333333,0.0,0.0
united_states,2026Q2,0.0,1.0,4.266666666666667,4.266666666666667,0.0,0.0
united_states,2026Q3,0.0,1.0,4.1,4.1,0.0,0.0
